-- phpMyAdmin SQL Dump
-- version 5.2.1
-- https://www.phpmyadmin.net/
--
-- Máy chủ: 127.0.0.1
-- Thời gian đã tạo: Th1 15, 2025 lúc 03:39 AM
-- Phiên bản máy phục vụ: 10.4.32-MariaDB
-- Phiên bản PHP: 8.2.12

SET SQL_MODE = "NO_AUTO_VALUE_ON_ZERO";
START TRANSACTION;
SET time_zone = "+00:00";


/*!40101 SET @OLD_CHARACTER_SET_CLIENT=@@CHARACTER_SET_CLIENT */;
/*!40101 SET @OLD_CHARACTER_SET_RESULTS=@@CHARACTER_SET_RESULTS */;
/*!40101 SET @OLD_COLLATION_CONNECTION=@@COLLATION_CONNECTION */;
/*!40101 SET NAMES utf8mb4 */;

--
-- Cơ sở dữ liệu: `pbl4`
--

-- --------------------------------------------------------

--
-- Cấu trúc bảng cho bảng `account`
--

CREATE TABLE `account` (
  `id` int(11) NOT NULL,
  `email` varchar(255) DEFAULT NULL,
  `password` varchar(255) DEFAULT NULL,
  `role` varchar(255) DEFAULT NULL,
  `createdAt` datetime NOT NULL,
  `updatedAt` datetime NOT NULL
) ENGINE=InnoDB DEFAULT CHARSET=utf8 COLLATE=utf8_unicode_ci;

--
-- Đang đổ dữ liệu cho bảng `account`
--

INSERT INTO `account` (`id`, `email`, `password`, `role`, `createdAt`, `updatedAt`) VALUES
(1, 'admin1@gmail.com', 'admin1', 'admin', '2024-03-30 08:42:09', '2025-01-03 04:19:52'),
(4, 'admin4@gmail.com', 'admin4', 'admin', '2024-06-01 09:05:20', '2024-06-03 22:12:24'),
(6, 'user6@gmail.com', 'user6', 'user', '2024-08-18 07:59:22', '2024-08-29 10:19:43'),
(7, 'user7@gmail.com', 'user7', 'user', '2024-02-23 10:53:31', '2024-08-24 10:13:34'),
(10, 'user10@gmail.com', 'user10', 'user', '2024-01-04 06:39:52', '2024-02-19 22:02:47'),
(14, 'user14@gmail.com', 'user14', 'user', '2024-09-10 14:01:46', '2024-09-13 11:49:13'),
(17, 'user17@gmail.com', 'user17', 'user', '2024-08-11 03:11:39', '2024-10-13 09:59:46'),
(18, 'user18@gmail.com', 'user18', 'user', '2024-01-26 00:27:50', '2024-09-05 17:45:04'),
(19, 'user19@gmail.com', 'user19', 'user', '2023-11-30 20:48:36', '2024-01-23 23:03:36'),
(20, 'user20@gmail.com', 'user20', 'user', '2024-06-04 14:24:47', '2024-07-24 09:21:20'),
(21, 'user21@gmail.com', 'user21', 'user', '2024-02-24 21:32:50', '2024-11-05 09:43:27'),
(22, 'user22@gmail.com', 'user22', 'user', '2024-07-24 06:55:54', '2024-10-07 13:23:53'),
(23, 'user23@gmail.com', 'user23', 'user', '2024-03-12 20:16:03', '2024-04-20 07:02:47'),
(24, 'user24@gmail.com', 'user24', 'user', '2024-08-22 17:28:24', '2024-10-20 04:08:40'),
(25, 'user25@gmail.com', 'user25', 'user', '2024-05-04 04:31:05', '2024-09-13 03:22:37'),
(26, 'user26@gmail.com', 'user26', 'user', '2024-10-07 09:11:24', '2024-11-14 13:19:49'),
(27, 'user27@gmail.com', 'user27', 'user', '2024-09-22 14:29:28', '2024-10-29 01:42:33'),
(28, 'user28@gmail.com', 'user28', 'user', '2024-01-10 15:54:17', '2024-10-27 00:45:23'),
(29, 'user29@gmail.com', 'user29', 'user', '2024-10-18 18:00:26', '2024-10-26 16:20:38'),
(30, 'user30@gmail.com', 'user30', 'user', '2024-08-25 00:21:34', '2024-09-28 20:12:27'),
(31, 'user31@gmail.com', 'user31', 'user', '2024-07-07 22:16:18', '2024-11-19 11:49:35'),
(32, 'user32@gmail.com', 'user32', 'user', '2024-05-06 13:56:02', '2024-10-27 16:55:42'),
(33, 'user33@gmail.com', 'user33', 'user', '2023-12-24 00:44:08', '2023-12-24 06:59:18'),
(34, 'user34@gmail.com', 'user34', 'user', '2024-05-15 16:14:45', '2024-10-10 21:43:36'),
(35, 'user35@gmail.com', 'user35', 'user', '2024-03-17 10:56:05', '2024-08-06 00:57:02'),
(36, 'user36@gmail.com', 'user36', 'user', '2024-01-18 13:24:03', '2024-05-02 22:23:20'),
(37, 'user37@gmail.com', 'user37', 'user', '2023-12-19 00:30:24', '2024-09-09 22:26:48'),
(38, 'user38@gmail.com', 'user38', 'user', '2024-01-16 18:06:19', '2024-03-26 04:17:36'),
(39, 'user39@gmail.com', 'user39', 'user', '2024-02-21 21:16:21', '2024-08-10 08:31:54'),
(40, 'user40@gmail.com', 'user40', 'user', '2023-11-24 16:31:34', '2023-11-25 12:34:31'),
(41, 'user41@gmail.com', 'user41', 'user', '2024-01-12 15:52:33', '2024-06-14 09:20:46'),
(42, 'user42@gmail.com', 'user42', 'user', '2024-03-03 17:35:32', '2024-05-31 22:03:21'),
(43, 'user43@gmail.com', 'user43', 'user', '2024-10-01 12:27:08', '2024-10-04 16:55:38'),
(44, 'user44@gmail.com', 'user44', 'user', '2023-12-25 12:44:13', '2024-04-01 13:34:29'),
(45, 'user45@gmail.com', 'user45', 'user', '2024-02-08 01:26:42', '2024-05-26 22:35:02'),
(46, 'user46@gmail.com', 'user46', 'user', '2024-02-17 05:22:51', '2024-10-18 22:40:20'),
(47, 'user47@gmail.com', 'user47', 'user', '2024-10-28 00:12:57', '2024-11-06 13:23:46'),
(48, 'user48@gmail.com', 'user48', 'user', '2024-04-06 18:44:41', '2024-04-18 00:17:30'),
(49, 'user49@gmail.com', 'user49', 'user', '2024-05-24 04:14:58', '2024-09-05 14:40:03'),
(50, 'user50@gmail.com', 'user50', 'user', '2024-02-15 18:03:24', '2024-05-12 06:57:29'),
(51, 'user51@gmail.com', 'user51', 'user', '2024-01-27 09:14:35', '2024-01-28 01:37:20'),
(52, 'user52@gmail.com', 'user52', 'user', '2024-03-13 18:52:26', '2024-08-03 03:56:54'),
(53, 'user53@gmail.com', 'user53', 'user', '2024-09-24 12:29:58', '2024-10-26 16:53:32'),
(54, 'user54@gmail.com', 'user54', 'user', '2023-12-11 15:53:26', '2024-03-13 05:17:15'),
(55, 'user55@gmail.com', 'user55', 'user', '2024-09-27 20:30:31', '2024-10-30 08:05:54'),
(56, 'user56@gmail.com', 'user56', 'user', '2023-12-11 18:48:50', '2024-05-13 08:20:43'),
(57, 'user57@gmail.com', 'user57', 'user', '2024-05-03 19:22:40', '2024-11-07 22:21:59'),
(58, 'user58@gmail.com', 'user58', 'user', '2024-05-10 20:09:24', '2024-06-04 02:55:22'),
(59, 'user59@gmail.com', 'user59', 'user', '2024-04-09 11:18:33', '2024-06-22 13:14:47'),
(60, 'user60@gmail.com', 'user60', 'user', '2024-03-12 08:30:47', '2024-09-04 21:10:13'),
(61, 'user61@gmail.com', 'user61', 'user', '2024-03-12 21:27:53', '2024-10-25 15:34:12'),
(62, 'user62@gmail.com', 'user62', 'user', '2023-12-28 03:44:00', '2024-06-30 10:55:54'),
(63, 'user63@gmail.com', 'user63', 'user', '2024-08-22 23:37:15', '2024-11-18 22:31:26'),
(64, 'user64@gmail.com', 'user64', 'user', '2024-01-25 22:30:15', '2024-04-04 18:20:48'),
(65, 'user65@gmail.com', 'user65', 'user', '2024-06-17 07:11:49', '2024-09-30 20:00:49'),
(66, 'user66@gmail.com', 'user66', 'user', '2024-10-05 08:17:51', '2024-11-14 19:11:31'),
(67, 'user67@gmail.com', 'user67', 'user', '2024-02-23 14:23:50', '2024-11-12 05:46:15'),
(68, 'user68@gmail.com', 'user68', 'user', '2024-07-31 19:52:34', '2024-08-27 14:32:50'),
(69, 'user69@gmail.com', 'user69', 'user', '2024-09-04 22:37:01', '2024-11-09 23:06:20'),
(70, 'user70@gmail.com', 'user70', 'user', '2023-12-23 05:11:21', '2024-05-19 13:24:29'),
(71, 'user71@gmail.com', 'user71', 'user', '2024-05-19 15:33:11', '2024-06-13 02:27:41'),
(72, 'user72@gmail.com', 'user72', 'user', '2024-08-27 12:10:44', '2024-11-09 17:04:33'),
(73, 'user73@gmail.com', 'user73', 'user', '2024-11-02 07:21:14', '2024-11-14 23:15:42'),
(74, 'user74@gmail.com', 'user74', 'user', '2024-09-12 01:01:30', '2024-10-25 00:37:28'),
(75, 'user75@gmail.com', 'user75', 'user', '2024-01-27 05:14:02', '2024-09-08 11:30:20'),
(76, 'user76@gmail.com', 'user76', 'user', '2024-06-15 01:38:45', '2024-10-14 03:13:32'),
(77, 'user77@gmail.com', 'user77', 'user', '2024-09-21 08:30:37', '2024-10-15 03:32:54'),
(78, 'user78@gmail.com', 'user78', 'user', '2024-08-26 07:04:19', '2024-09-14 12:03:01'),
(79, 'user79@gmail.com', 'user79', 'user', '2024-04-01 21:17:41', '2024-06-11 23:41:14'),
(80, 'user80@gmail.com', 'user80', 'user', '2024-02-19 05:52:59', '2024-05-26 23:07:24'),
(81, 'user81@gmail.com', 'user81', 'user', '2024-01-28 04:35:22', '2024-03-14 04:45:21'),
(82, 'user82@gmail.com', 'user82', 'user', '2024-03-27 15:33:15', '2024-08-01 22:31:00'),
(83, 'user83@gmail.com', 'user83', 'user', '2024-01-25 01:35:38', '2024-02-06 17:48:33'),
(84, 'user84@gmail.com', 'user84', 'user', '2024-01-13 00:10:20', '2024-06-03 19:06:28'),
(85, 'user85@gmail.com', 'user85', 'user', '2024-08-04 03:36:33', '2024-08-25 15:47:53'),
(86, 'user86@gmail.com', 'user86', 'user', '2023-12-12 00:13:23', '2024-05-02 12:12:10'),
(87, 'user87@gmail.com', 'user87', 'user', '2024-01-16 15:13:58', '2024-10-07 09:53:48'),
(88, 'user88@gmail.com', 'user88', 'user', '2024-08-11 19:44:33', '2024-09-12 03:53:02'),
(89, 'user89@gmail.com', 'user89', 'user', '2024-10-07 16:43:57', '2024-10-20 02:54:52'),
(90, 'user90@gmail.com', 'user90', 'user', '2024-04-02 06:21:15', '2024-06-13 12:43:36'),
(91, 'user91@gmail.com', 'user91', 'user', '2024-03-09 21:44:59', '2024-10-20 09:36:20'),
(92, 'user92@gmail.com', 'user92', 'user', '2024-09-28 17:21:56', '2024-11-11 21:02:04'),
(93, 'user93@gmail.com', 'user93', 'user', '2023-11-23 13:28:21', '2024-10-05 07:40:42'),
(94, 'user94@gmail.com', 'user94', 'user', '2024-08-29 15:57:36', '2024-10-21 05:38:42'),
(95, 'user95@gmail.com', 'user95', 'user', '2024-06-28 08:36:11', '2024-10-25 14:32:09'),
(96, 'user96@gmail.com', 'user96', 'user', '2024-09-30 06:11:07', '2024-11-15 19:50:00'),
(97, 'user97@gmail.com', 'user97', 'user', '2024-11-14 22:04:12', '2024-11-16 06:54:45'),
(98, 'user98@gmail.com', 'user98', 'user', '2024-07-17 09:20:50', '2024-10-01 12:50:55'),
(99, 'user99@gmail.com', 'user99', 'user', '2024-04-21 08:53:39', '2024-09-07 16:22:15'),
(100, 'user100@gmail.com', 'user100', 'user', '2024-09-29 07:42:09', '2024-10-17 03:47:01'),
(101, 'user101@gmail.com', 'user101', 'user', '2024-03-03 13:17:28', '2024-06-15 10:35:10'),
(102, 'user102@gmail.com', 'user102', 'user', '2024-07-22 07:09:00', '2024-10-29 17:02:42'),
(103, 'user103@gmail.com', 'user103', 'user', '2024-02-21 01:17:05', '2024-02-28 08:07:25'),
(104, 'user104@gmail.com', 'user104', 'user', '2024-02-22 13:59:32', '2024-06-20 15:48:38'),
(105, 'user105@gmail.com', 'user105', 'user', '2024-06-19 12:28:46', '2024-09-28 07:13:11'),
(106, 'user106@gmail.com', 'user106', 'user', '2024-11-15 15:21:39', '2024-11-16 07:11:17'),
(107, 'user107@gmail.com', 'user107', 'user', '2024-10-26 11:04:40', '2024-11-08 05:05:15'),
(108, 'user108@gmail.com', 'user108', 'user', '2024-10-10 14:46:38', '2024-11-06 14:19:15'),
(109, 'user109@gmail.com', 'user109', 'user', '2024-04-10 16:34:03', '2024-08-06 08:28:42'),
(110, 'user110@gmail.com', 'user110', 'user', '2024-09-19 14:48:41', '2024-09-24 04:57:27'),
(111, 'user111@gmail.com', 'user111', 'user', '2023-12-23 21:33:31', '2024-04-12 07:18:21'),
(112, 'user112@gmail.com', 'user112', 'user', '2024-01-25 11:56:43', '2024-09-10 14:14:12'),
(113, 'user113@gmail.com', 'user113', 'user', '2024-09-30 16:03:19', '2024-10-08 09:34:12'),
(114, 'user114@gmail.com', 'user114', 'user', '2023-12-29 10:18:00', '2024-02-02 05:42:02'),
(115, 'user115@gmail.com', 'user115', 'user', '2024-08-30 11:27:48', '2024-10-24 12:11:40'),
(116, 'user116@gmail.com', 'user116', 'user', '2024-07-15 10:04:54', '2024-09-02 14:46:03'),
(117, 'user117@gmail.com', 'user117', 'user', '2023-12-21 07:44:00', '2024-07-15 11:26:16'),
(118, 'user118@gmail.com', 'user118', 'user', '2023-12-10 15:14:17', '2024-11-04 08:07:24'),
(119, 'user119@gmail.com', 'user119', 'user', '2024-02-16 18:41:31', '2024-06-23 14:18:07'),
(120, 'user120@gmail.com', 'user120', 'user', '2024-02-15 13:15:33', '2024-04-26 00:36:24'),
(121, 'user121@gmail.com', 'user121', 'user', '2024-09-17 21:21:09', '2024-10-05 09:46:10'),
(122, 'user122@gmail.com', 'user122', 'user', '2023-11-22 07:34:06', '2024-04-01 19:00:48'),
(123, 'user123@gmail.com', 'user123', 'user', '2024-06-20 10:35:07', '2024-08-05 02:51:35'),
(124, 'user124@gmail.com', 'user124', 'user', '2023-12-27 02:58:06', '2024-01-11 04:31:44'),
(125, 'user125@gmail.com', 'user125', 'user', '2024-06-06 10:36:53', '2024-08-03 22:49:48'),
(126, 'user126@gmail.com', 'user126', 'user', '2024-04-28 10:27:49', '2024-05-26 22:25:10'),
(127, 'user127@gmail.com', 'user127', 'user', '2023-12-26 03:29:34', '2024-10-31 18:21:32'),
(128, 'user128@gmail.com', 'user128', 'user', '2024-01-21 06:58:02', '2024-09-03 10:43:56'),
(129, 'user129@gmail.com', 'user129', 'user', '2024-03-18 21:02:11', '2024-06-11 21:08:22'),
(130, 'user130@gmail.com', 'user130', 'user', '2024-01-18 19:38:03', '2024-04-03 11:38:07'),
(131, 'user131@gmail.com', 'user131', 'user', '2024-07-10 04:44:22', '2024-10-10 07:56:17'),
(132, 'user132@gmail.com', 'user132', 'user', '2024-08-03 20:45:40', '2024-09-01 02:52:13'),
(133, 'user133@gmail.com', 'user133', 'user', '2024-05-12 17:31:15', '2024-08-26 11:05:48'),
(134, 'user134@gmail.com', 'user134', 'user', '2024-03-16 09:58:49', '2024-03-28 01:23:34'),
(135, 'user135@gmail.com', 'user135', 'user', '2023-11-25 20:28:29', '2024-04-30 05:22:21'),
(136, 'user136@gmail.com', 'user136', 'user', '2024-09-30 13:27:02', '2024-10-15 08:52:56'),
(137, 'user137@gmail.com', 'user137', 'user', '2024-01-01 17:23:28', '2024-11-05 07:45:35'),
(138, 'user138@gmail.com', 'user138', 'user', '2024-01-03 09:49:47', '2024-11-14 10:46:24'),
(139, 'user139@gmail.com', 'user139', 'user', '2024-02-02 08:33:06', '2024-11-17 22:24:57'),
(140, 'user140@gmail.com', 'user140', 'user', '2024-08-31 12:15:18', '2024-09-25 19:24:58'),
(141, 'user141@gmail.com', 'user141', 'user', '2024-05-25 18:29:01', '2024-05-29 16:20:17'),
(142, 'user142@gmail.com', 'user142', 'user', '2024-05-12 00:03:51', '2024-06-21 17:36:53'),
(143, 'user143@gmail.com', 'user143', 'user', '2023-11-20 01:04:25', '2024-01-26 09:12:30'),
(144, 'user144@gmail.com', 'user144', 'user', '2024-03-16 00:52:04', '2024-04-25 10:42:00'),
(145, 'user145@gmail.com', 'user145', 'user', '2024-01-06 06:22:50', '2024-05-17 09:05:54'),
(146, 'user146@gmail.com', 'user146', 'user', '2024-10-31 07:26:11', '2024-11-17 03:14:37'),
(147, 'user147@gmail.com', 'user147', 'user', '2024-03-29 07:01:44', '2024-07-12 13:46:16'),
(148, 'user148@gmail.com', 'user148', 'user', '2024-04-30 22:59:58', '2024-11-07 00:29:06'),
(149, 'user149@gmail.com', 'user149', 'user', '2024-11-13 11:12:26', '2024-11-16 17:15:45'),
(150, 'user150@gmail.com', 'user150', 'user', '2024-05-17 20:50:41', '2024-06-17 03:22:17'),
(151, 'user151@gmail.com', 'user151', 'user', '2024-10-13 04:10:38', '2024-10-21 01:43:53'),
(152, 'user152@gmail.com', 'user152', 'user', '2024-11-19 01:10:51', '2024-11-19 03:40:28'),
(153, 'user153@gmail.com', 'user153', 'user', '2024-10-12 03:25:45', '2024-10-24 21:29:52'),
(154, 'user154@gmail.com', 'user154', 'user', '2024-01-26 10:54:56', '2024-03-17 12:17:35'),
(155, 'user155@gmail.com', 'user155', 'user', '2024-08-22 04:02:28', '2024-09-28 11:16:32'),
(156, 'user156@gmail.com', 'user156', 'user', '2024-03-08 10:59:43', '2024-06-19 01:44:47'),
(157, 'user157@gmail.com', 'user157', 'user', '2023-12-17 01:46:15', '2024-04-30 21:04:15'),
(158, 'user158@gmail.com', 'user158', 'user', '2023-12-27 22:25:52', '2024-11-17 02:39:52'),
(159, 'user159@gmail.com', 'user159', 'user', '2024-06-23 05:18:33', '2024-08-24 18:51:47'),
(160, 'user160@gmail.com', 'user160', 'user', '2024-05-01 14:56:58', '2024-11-08 16:57:04'),
(161, 'user161@gmail.com', 'user161', 'user', '2023-12-19 03:01:40', '2024-07-26 08:46:55'),
(162, 'user162@gmail.com', 'user162', 'user', '2023-12-12 21:52:00', '2024-11-14 11:39:07'),
(163, 'user163@gmail.com', 'user163', 'user', '2024-09-01 20:13:47', '2024-11-19 04:09:42'),
(164, 'user164@gmail.com', 'user164', 'user', '2024-01-02 22:19:30', '2024-09-15 05:16:12'),
(165, 'user165@gmail.com', 'user165', 'user', '2023-12-22 09:51:54', '2024-10-02 19:35:31'),
(166, 'user166@gmail.com', 'user166', 'user', '2024-04-12 02:00:17', '2024-11-14 10:59:26'),
(167, 'user167@gmail.com', 'user167', 'user', '2024-02-21 20:07:49', '2024-05-11 08:56:33'),
(168, 'user168@gmail.com', 'user168', 'user', '2024-09-26 16:06:16', '2024-10-31 03:05:52'),
(169, 'user169@gmail.com', 'user169', 'user', '2024-01-01 14:36:05', '2024-09-02 07:50:18'),
(170, 'user170@gmail.com', 'user170', 'user', '2024-06-16 04:16:37', '2024-09-20 08:20:02'),
(171, 'user171@gmail.com', 'user171', 'user', '2024-06-05 12:03:04', '2024-11-10 05:00:58'),
(172, 'user172@gmail.com', 'user172', 'user', '2023-12-03 00:11:01', '2024-08-28 00:35:22'),
(173, 'user173@gmail.com', 'user173', 'user', '2024-09-15 09:05:28', '2024-10-24 21:38:33'),
(174, 'user174@gmail.com', 'user174', 'user', '2024-07-10 05:36:09', '2024-07-25 03:01:38'),
(175, 'user175@gmail.com', 'user175', 'user', '2024-01-04 06:30:28', '2024-11-16 12:06:02'),
(176, 'user176@gmail.com', 'user176', 'user', '2024-06-24 18:33:54', '2024-11-10 12:08:44'),
(177, 'user177@gmail.com', 'user177', 'user', '2024-03-21 10:12:09', '2024-06-24 00:41:29'),
(178, 'user178@gmail.com', 'user178', 'user', '2024-06-24 09:42:44', '2024-09-04 07:46:19'),
(179, 'user179@gmail.com', 'user179', 'user', '2024-09-12 04:29:45', '2024-11-12 13:43:18'),
(180, 'user180@gmail.com', 'user180', 'user', '2024-05-08 03:37:17', '2024-08-24 06:36:30'),
(181, 'user181@gmail.com', 'user181', 'user', '2024-07-15 09:32:42', '2024-11-16 20:35:39'),
(182, 'user182@gmail.com', 'user182', 'user', '2024-10-15 16:04:12', '2024-11-02 17:39:05'),
(183, 'user183@gmail.com', 'user183', 'user', '2024-05-26 16:45:22', '2024-07-16 01:36:39'),
(184, 'user184@gmail.com', 'user184', 'user', '2024-11-10 11:19:23', '2024-11-14 18:28:09'),
(185, 'user185@gmail.com', 'user185', 'user', '2024-04-17 09:00:08', '2024-07-01 14:33:39'),
(186, 'user186@gmail.com', 'user186', 'user', '2024-05-11 05:39:03', '2024-07-10 06:57:01'),
(187, 'user187@gmail.com', 'user187', 'user', '2024-05-17 12:16:11', '2024-08-21 06:11:47'),
(188, 'user188@gmail.com', 'user188', 'user', '2024-01-18 13:07:07', '2024-02-19 07:29:04'),
(189, 'user189@gmail.com', 'user189', 'user', '2024-02-27 11:34:18', '2024-04-28 23:24:53'),
(190, 'user190@gmail.com', 'user190', 'user', '2023-12-20 08:53:45', '2024-03-18 15:43:49'),
(191, 'user191@gmail.com', 'user191', 'user', '2024-01-31 12:20:07', '2024-09-04 11:00:58'),
(192, 'user192@gmail.com', 'user192', 'user', '2024-04-21 09:38:58', '2024-06-12 20:59:00'),
(193, 'user193@gmail.com', 'user193', 'user', '2024-04-14 22:51:46', '2024-10-29 23:14:04'),
(194, 'user194@gmail.com', 'user194', 'user', '2024-09-14 13:39:33', '2024-10-14 02:15:38'),
(195, 'user195@gmail.com', 'user195', 'user', '2024-10-02 04:39:43', '2024-10-27 09:26:30'),
(196, 'user196@gmail.com', 'user196', 'user', '2024-03-02 05:11:17', '2024-05-26 03:47:34'),
(197, 'user197@gmail.com', 'user197', 'user', '2024-06-22 21:09:10', '2024-06-26 00:01:27'),
(198, 'user198@gmail.com', 'user198', 'user', '2024-08-06 13:24:41', '2024-09-15 19:53:52'),
(199, 'user199@gmail.com', 'user199', 'user', '2024-04-11 21:33:01', '2024-11-02 16:20:58'),
(200, 'user200@gmail.com', 'user200', 'user', '2024-07-22 05:24:10', '2024-07-29 03:25:12'),
(201, 'user201@gmail.com', 'user201', 'user', '2024-09-18 19:38:36', '2024-10-12 23:20:27'),
(202, 'user202@gmail.com', 'user202', 'user', '2024-10-03 10:47:36', '2024-11-19 12:53:09'),
(203, 'user203@gmail.com', 'user203', 'user', '2024-02-12 02:59:17', '2024-07-19 02:10:59'),
(204, 'user204@gmail.com', 'user204', 'user', '2024-07-09 12:10:28', '2024-09-02 18:28:48'),
(205, 'user205@gmail.com', 'user205', 'user', '2024-06-27 09:20:20', '2024-11-03 16:57:13'),
(206, 'user206@gmail.com', 'user206', 'user', '2024-03-03 17:15:54', '2024-03-23 08:40:38'),
(207, 'user207@gmail.com', 'user207', 'user', '2024-04-24 07:03:33', '2024-09-29 22:42:56'),
(208, 'user208@gmail.com', 'user208', 'user', '2024-03-24 02:45:46', '2024-05-19 22:03:38'),
(209, 'user209@gmail.com', 'user209', 'user', '2024-06-25 17:08:57', '2024-07-13 04:30:51'),
(210, 'user210@gmail.com', 'user210', 'user', '2023-12-26 19:12:20', '2024-10-24 05:15:47'),
(211, 'user211@gmail.com', 'user211', 'user', '2024-01-09 04:04:30', '2024-09-02 09:31:51'),
(212, 'user212@gmail.com', 'user212', 'user', '2024-05-01 16:55:58', '2024-06-22 05:20:23'),
(213, 'user213@gmail.com', 'user213', 'user', '2024-08-16 00:08:39', '2024-10-15 15:47:02'),
(214, 'user214@gmail.com', 'user214', 'user', '2024-10-16 16:56:10', '2024-10-27 04:47:59'),
(215, 'user215@gmail.com', 'user215', 'user', '2024-02-01 05:50:11', '2024-04-29 08:48:54'),
(216, 'user216@gmail.com', 'user216', 'user', '2024-09-29 05:34:09', '2024-11-16 15:09:02'),
(217, 'user217@gmail.com', 'user217', 'user', '2024-03-23 00:09:36', '2024-03-26 14:16:16'),
(218, 'user218@gmail.com', 'user218', 'user', '2024-05-19 11:18:32', '2024-10-27 02:55:05'),
(219, 'user219@gmail.com', 'user219', 'user', '2024-06-04 23:04:28', '2024-07-28 23:37:23'),
(220, 'user220@gmail.com', 'user220', 'user', '2024-08-18 10:34:38', '2024-08-19 18:49:37'),
(221, 'user221@gmail.com', 'user221', 'user', '2024-10-24 13:28:40', '2024-11-08 19:01:31'),
(222, 'user222@gmail.com', 'user222', 'user', '2023-12-29 16:37:58', '2024-03-29 22:28:31'),
(223, 'user223@gmail.com', 'user223', 'user', '2024-07-06 14:50:51', '2024-11-18 20:20:38'),
(224, 'user224@gmail.com', 'user224', 'user', '2024-05-20 12:37:37', '2024-08-03 18:57:26'),
(225, 'user225@gmail.com', 'user225', 'user', '2024-04-10 08:03:20', '2024-08-31 16:46:07'),
(226, 'user226@gmail.com', 'user226', 'user', '2024-08-24 09:24:04', '2024-11-17 21:50:18'),
(227, 'user227@gmail.com', 'user227', 'user', '2024-04-26 07:36:03', '2024-07-07 19:34:18'),
(228, 'user228@gmail.com', 'user228', 'user', '2024-07-10 05:06:03', '2024-09-20 06:52:41'),
(229, 'user229@gmail.com', 'user229', 'user', '2024-11-01 22:25:45', '2024-11-16 20:20:52'),
(230, 'user230@gmail.com', 'user230', 'user', '2024-07-15 13:15:43', '2024-07-22 22:37:54'),
(231, 'user231@gmail.com', 'user231', 'user', '2023-12-02 00:05:51', '2024-10-29 22:52:26'),
(232, 'user232@gmail.com', 'user232', 'user', '2024-07-28 06:43:23', '2024-09-20 11:12:14'),
(233, 'user233@gmail.com', 'user233', 'user', '2023-12-09 10:36:26', '2024-09-13 23:06:15'),
(234, 'user234@gmail.com', 'user234', 'user', '2024-09-18 23:57:02', '2024-09-26 12:05:38'),
(235, 'user235@gmail.com', 'user235', 'user', '2024-10-21 06:17:23', '2024-10-24 04:25:46'),
(236, 'user236@gmail.com', 'user236', 'user', '2024-07-02 08:24:30', '2024-08-04 09:05:51'),
(237, 'user237@gmail.com', 'user237', 'user', '2024-01-18 16:51:52', '2024-05-06 18:11:31'),
(238, 'user238@gmail.com', 'user238', 'user', '2024-08-18 10:00:38', '2024-10-04 20:13:32'),
(239, 'user239@gmail.com', 'user239', 'user', '2024-10-15 12:09:56', '2024-10-27 17:02:51'),
(240, 'user240@gmail.com', 'user240', 'user', '2024-06-08 18:59:52', '2024-10-30 03:23:15'),
(241, 'user241@gmail.com', 'user241', 'user', '2024-07-29 23:51:49', '2024-08-29 09:09:06'),
(242, 'user242@gmail.com', 'user242', 'user', '2024-03-25 16:04:39', '2024-09-04 19:49:46'),
(243, 'user243@gmail.com', 'user243', 'user', '2024-08-09 06:37:40', '2024-10-24 21:29:30'),
(244, 'user244@gmail.com', 'user244', 'user', '2024-01-24 19:36:40', '2024-05-04 00:51:25'),
(245, 'user245@gmail.com', 'user245', 'user', '2024-04-18 12:57:39', '2024-09-22 11:02:33'),
(246, 'user246@gmail.com', 'user246', 'user', '2024-09-01 17:37:11', '2024-11-04 18:51:04'),
(247, 'user247@gmail.com', 'user247', 'user', '2024-07-11 12:48:53', '2024-09-12 09:41:14'),
(248, 'user248@gmail.com', 'user248', 'user', '2024-02-10 04:43:20', '2024-07-30 19:16:51'),
(249, 'user249@gmail.com', 'user249', 'user', '2024-08-21 04:12:45', '2024-11-11 08:36:14'),
(250, 'user250@gmail.com', 'user250', 'user', '2024-10-02 01:42:09', '2024-10-21 09:18:15'),
(251, 'user251@gmail.com', 'user251', 'user', '2024-01-20 19:25:49', '2024-10-09 19:24:27'),
(252, 'user252@gmail.com', 'user252', 'user', '2024-06-21 21:29:50', '2024-11-14 15:24:46'),
(253, 'user253@gmail.com', 'user253', 'user', '2024-01-06 11:01:56', '2024-02-01 11:08:17'),
(254, 'user254@gmail.com', 'user254', 'user', '2024-04-23 01:44:40', '2024-11-07 13:37:46'),
(255, 'user255@gmail.com', 'user255', 'user', '2024-02-28 11:15:01', '2024-10-02 07:37:40'),
(256, 'user256@gmail.com', 'user256', 'user', '2023-12-01 08:30:42', '2024-02-02 01:44:59'),
(257, 'user257@gmail.com', 'user257', 'user', '2024-09-06 04:14:14', '2024-11-08 02:44:16'),
(258, 'user258@gmail.com', 'user258', 'user', '2024-09-11 23:54:40', '2024-10-25 06:17:10'),
(259, 'user259@gmail.com', 'user259', 'user', '2024-01-05 17:58:58', '2024-04-12 05:02:25'),
(260, 'user260@gmail.com', 'user260', 'user', '2024-05-11 16:03:17', '2024-05-30 09:07:23'),
(261, 'user261@gmail.com', 'user261', 'user', '2024-05-02 12:51:52', '2024-08-27 00:00:31'),
(262, 'user262@gmail.com', 'user262', 'user', '2024-10-05 17:01:04', '2024-11-17 11:05:34'),
(263, 'user263@gmail.com', 'user263', 'user', '2024-06-27 06:28:42', '2024-10-26 03:27:36'),
(264, 'user264@gmail.com', 'user264', 'user', '2024-03-02 21:39:50', '2024-04-14 05:48:09'),
(265, 'user265@gmail.com', 'user265', 'user', '2024-09-02 21:05:53', '2024-11-10 23:05:14'),
(266, 'user266@gmail.com', 'user266', 'user', '2024-11-02 21:11:24', '2024-11-03 20:02:37'),
(267, 'user267@gmail.com', 'user267', 'user', '2024-01-24 22:07:07', '2024-10-27 17:23:32'),
(268, 'user268@gmail.com', 'user268', 'user', '2024-01-04 18:43:41', '2024-02-11 06:46:42'),
(269, 'user269@gmail.com', 'user269', 'user', '2023-11-24 01:58:18', '2023-12-28 06:51:55'),
(270, 'user270@gmail.com', 'user270', 'user', '2024-01-29 04:39:47', '2024-03-03 06:06:09'),
(271, 'user271@gmail.com', 'user271', 'user', '2024-03-21 00:26:34', '2024-07-11 21:05:58'),
(272, 'user272@gmail.com', 'user272', 'user', '2024-08-26 16:36:54', '2024-10-08 22:53:07'),
(273, 'user273@gmail.com', 'user273', 'user', '2024-03-01 03:50:05', '2024-03-19 20:05:38'),
(274, 'user274@gmail.com', 'user274', 'user', '2024-06-23 06:24:24', '2024-09-16 20:30:24'),
(275, 'user275@gmail.com', 'user275', 'user', '2024-09-13 21:01:22', '2024-10-17 09:43:11'),
(276, 'user276@gmail.com', 'user276', 'user', '2024-04-19 02:49:06', '2024-08-14 12:48:53'),
(277, 'user277@gmail.com', 'user277', 'user', '2024-01-10 02:20:30', '2024-06-11 09:12:46'),
(278, 'user278@gmail.com', 'user278', 'user', '2024-07-09 09:45:23', '2024-08-08 15:01:21'),
(279, 'user279@gmail.com', 'user279', 'user', '2024-07-28 10:33:48', '2024-10-30 03:46:15'),
(280, 'user280@gmail.com', 'user280', 'user', '2024-10-06 07:59:08', '2024-10-08 01:50:46'),
(281, 'user281@gmail.com', 'user281', 'user', '2024-09-11 16:17:38', '2024-10-28 10:42:56'),
(282, 'user282@gmail.com', 'user282', 'user', '2024-10-25 05:14:11', '2024-10-26 02:25:47'),
(283, 'user283@gmail.com', 'user283', 'user', '2024-04-24 09:27:19', '2024-11-03 15:55:33'),
(284, 'user284@gmail.com', 'user284', 'user', '2024-03-15 13:42:36', '2024-08-07 23:03:05'),
(285, 'user285@gmail.com', 'user285', 'user', '2024-07-19 01:35:49', '2024-11-18 10:42:22'),
(286, 'user286@gmail.com', 'user286', 'user', '2024-02-21 04:04:39', '2024-10-06 04:02:11'),
(287, 'user287@gmail.com', 'user287', 'user', '2024-01-24 05:03:05', '2024-06-04 22:44:40'),
(288, 'user288@gmail.com', 'user288', 'user', '2024-06-19 22:04:48', '2024-08-11 10:06:16'),
(289, 'user289@gmail.com', 'user289', 'user', '2024-05-09 19:54:34', '2024-06-13 10:14:33'),
(290, 'user290@gmail.com', 'user290', 'user', '2024-02-10 17:38:08', '2024-04-08 16:52:35'),
(291, 'user291@gmail.com', 'user291', 'user', '2024-01-21 17:00:56', '2024-05-31 21:32:52'),
(292, 'user292@gmail.com', 'user292', 'user', '2024-08-30 12:32:02', '2024-10-18 10:22:56'),
(293, 'user293@gmail.com', 'user293', 'user', '2024-02-22 23:16:10', '2024-10-25 08:41:13'),
(294, 'user294@gmail.com', 'user294', 'user', '2024-04-20 19:43:06', '2024-05-25 06:26:39'),
(295, 'user295@gmail.com', 'user295', 'user', '2024-03-06 00:46:23', '2024-05-23 05:17:24'),
(296, 'user296@gmail.com', 'user296', 'user', '2024-03-17 04:21:11', '2024-04-17 12:23:29'),
(297, 'user297@gmail.com', 'user297', 'user', '2024-02-28 15:28:57', '2024-07-14 13:52:46'),
(298, 'user298@gmail.com', 'user298', 'user', '2024-01-02 17:54:04', '2024-09-30 01:21:37'),
(299, 'user299@gmail.com', 'user299', 'user', '2024-08-18 14:36:51', '2024-10-11 19:16:54'),
(300, 'user300@gmail.com', 'user300', 'user', '2024-09-06 20:44:45', '2024-09-27 12:50:05'),
(302, 'nguyenbangan@gmail.com', 'nguyenbangan', 'user', '2024-12-19 03:17:20', '2024-12-19 03:17:20'),
(303, '1234@gmail.com', '1234', 'user', '2024-12-27 08:51:58', '2024-12-27 08:51:58'),
(304, 'phihung17012004@gmail.com', '123', 'user', '2024-12-27 14:37:19', '2024-12-27 14:37:19'),
(305, '12345@gmail.com', '12345', 'user', '2024-12-27 14:40:47', '2024-12-27 14:40:47'),
(306, 'phihung1@gmail.com', '1', 'user', '2024-12-27 14:41:29', '2024-12-27 14:41:29'),
(307, '123456@gmail.com', '1', 'user', '2024-12-27 14:44:11', '2024-12-27 14:44:11'),
(308, '1237@gmail.com', '1', 'user', '2024-12-27 14:45:01', '2024-12-27 14:45:01'),
(309, '1238@gmail.com', '1', 'user', '2024-12-27 14:45:20', '2024-12-27 14:45:20'),
(310, 'phihung170120045@gmail.com', '1', 'user', '2024-12-27 14:45:41', '2024-12-27 14:45:41'),
(311, '12@gmail.com', '1', 'user', '2024-12-27 14:51:24', '2024-12-27 14:51:24'),
(312, '1@gmail.com', '1', 'user', '2024-12-27 14:53:09', '2024-12-27 14:53:09'),
(313, '15@gmail.com', '1', 'user', '2024-12-27 15:01:47', '2024-12-27 15:01:47'),
(314, '16@gmail.com', '1', 'user', '2024-12-27 15:04:26', '2024-12-27 15:04:26'),
(315, '1239@gmail.com', '123', 'user', '2025-01-03 04:07:56', '2025-01-03 04:07:56'),
(316, '12390@gmail.com', '1', 'user', '2025-01-03 04:46:45', '2025-01-03 04:46:45'),
(317, '1283@gmail.com', '1', 'user', '2025-01-03 08:48:44', '2025-01-03 08:48:44'),
(318, '12456@gmail.com', '1', 'user', '2025-01-04 13:30:43', '2025-01-04 13:30:43');

-- --------------------------------------------------------

--
-- Cấu trúc bảng cho bảng `information`
--

CREATE TABLE `information` (
  `id` int(11) NOT NULL,
  `name` varchar(255) DEFAULT NULL,
  `gender` tinyint(1) DEFAULT NULL,
  `date` datetime DEFAULT NULL,
  `phone` varchar(255) DEFAULT NULL,
  `address` varchar(255) DEFAULT NULL,
  `accountId` int(11) NOT NULL,
  `createdAt` datetime NOT NULL,
  `updatedAt` datetime NOT NULL
) ENGINE=InnoDB DEFAULT CHARSET=utf8 COLLATE=utf8_unicode_ci;

--
-- Đang đổ dữ liệu cho bảng `information`
--

INSERT INTO `information` (`id`, `name`, `gender`, `date`, `phone`, `address`, `accountId`, `createdAt`, `updatedAt`) VALUES
(1, 'hung', 0, '1996-01-31 00:00:00', '0402141484', '45326 Connor Extension', 1, '2024-03-30 08:42:09', '2025-01-05 02:53:29'),
(4, 'Crystal MacGyver', 1, '2020-02-15 00:49:06', '0469892187', '727 Schmitt Crescent', 4, '2024-06-01 09:05:20', '2025-01-05 02:21:16'),
(6, 'hung', 0, '1925-03-21 00:00:00', '0704046203', '58425 N Washington Avenue', 6, '2024-08-18 07:59:22', '2025-01-04 13:33:57'),
(7, 'Dianne Heathcote', 0, '1983-01-22 01:26:04', '0677797805', '2659 N Oak Street', 7, '2024-02-23 10:53:31', '2024-12-27 08:49:27'),
(10, 'Hilda Kirlin-Senger', 0, '1996-01-09 00:00:00', '0843103019', '82699 N Monroe Street', 10, '2024-01-04 06:39:52', '2024-11-25 15:18:10'),
(14, 'Harold Parker', 0, '2018-09-04 15:08:42', '0547965407', '6471 McClure Neck', 14, '2024-09-10 14:01:46', '2024-09-13 11:49:13'),
(17, 'Marlene Crona IV', 1, '1933-08-16 14:25:51', '0944422217', '951 Von Views', 17, '2024-08-11 03:11:39', '2024-10-13 09:59:46'),
(18, 'Rodolfo O\'Hara', 0, '1988-12-15 22:34:47', '0891321252', '4962 McClure Walk', 18, '2024-01-26 00:27:50', '2024-09-05 17:45:04'),
(19, 'Annette Hayes', 1, '1978-12-11 00:48:59', '0055814271', '7879 Kautzer Gardens', 19, '2023-11-30 20:48:36', '2024-01-23 23:03:36'),
(20, 'Israel Skiles', 0, '2001-02-28 16:06:35', '0125910252', '6240 Boyle Walk', 20, '2024-06-04 14:24:47', '2024-07-24 09:21:20'),
(21, 'Abraham Kozey', 1, '2007-02-13 00:37:04', '0830084681', '1031 Agustin Harbors', 21, '2024-02-24 21:32:50', '2024-11-05 09:43:27'),
(22, 'Pam McCullough', 0, '1937-01-09 20:52:30', '0808920880', '4597 Shanahan Knoll', 22, '2024-07-24 06:55:54', '2024-10-07 13:23:53'),
(23, 'Priscilla Davis', 0, '1944-02-08 19:36:48', '0705118816', '16915 Hermann Green', 23, '2024-03-12 20:16:03', '2024-04-20 07:02:47'),
(24, 'Jody Koss', 1, '1969-07-23 19:22:32', '0416750198', '869 Greenholt Fall', 24, '2024-08-22 17:28:24', '2024-10-20 04:08:40'),
(25, 'Victor Murphy', 0, '1934-03-06 16:00:28', '0389011276', '2893 Deckow Islands', 25, '2024-05-04 04:31:05', '2024-09-13 03:22:37'),
(26, 'Wesley Abbott', 1, '1940-10-23 07:14:31', '0276516806', '227 Reilly Glen', 26, '2024-10-07 09:11:24', '2024-11-14 13:19:49'),
(27, 'Elbert Waelchi', 0, '1949-11-28 15:15:02', '0487608321', '28461 Prohaska Mountains', 27, '2024-09-22 14:29:28', '2024-10-29 01:42:33'),
(28, 'Kristen Bernhard', 0, '1942-01-03 18:28:05', '0286849237', '1173 Lorenzo Lakes', 28, '2024-01-10 15:54:17', '2024-10-27 00:45:23'),
(29, 'Mrs. Bernice Brakus', 0, '1954-11-10 12:24:03', '0165473119', '9249 Royal Crossing', 29, '2024-10-18 18:00:26', '2024-10-26 16:20:38'),
(30, 'Douglas Hoeger', 1, '1935-09-25 18:59:20', '0460564037', '46535 Ryan Underpass', 30, '2024-08-25 00:21:34', '2024-09-28 20:12:27'),
(31, 'Jeanne Deckow-Kiehn DVM', 1, '1980-06-04 12:39:20', '0493838014', '79961 Leilani Vista', 31, '2024-07-07 22:16:18', '2024-11-19 11:49:35'),
(32, 'Irvin Schuster', 0, '2013-05-08 09:47:53', '0762141409', '760 S Center Street', 32, '2024-05-06 13:56:02', '2024-10-27 16:55:42'),
(33, 'Tommie Gleason', 1, '1990-08-22 02:02:10', '0442320477', '700 Littel Flat', 33, '2023-12-24 00:44:08', '2023-12-24 06:59:18'),
(34, 'Chad Barton', 0, '1995-02-24 21:55:52', '0446028981', '3384 Woodside Road', 34, '2024-05-15 16:14:45', '2024-10-10 21:43:36'),
(35, 'Shane Purdy', 0, '1991-08-28 06:59:09', '0150587109', '9977 D\'Amore Hill', 35, '2024-03-17 10:56:05', '2024-08-06 00:57:02'),
(36, 'Agnes Trantow', 0, '1977-03-26 10:42:07', '0468784409', '5149 Joey Divide', 36, '2024-01-18 13:24:03', '2024-05-02 22:23:20'),
(37, 'Domingo Powlowski', 1, '2003-09-21 17:31:08', '0280994915', '569 W Grand Avenue', 37, '2023-12-19 00:30:24', '2024-09-09 22:26:48'),
(38, 'Dr. Jesse Murray', 1, '1950-08-20 19:21:32', '0375676644', '98344 Kaden Camp', 38, '2024-01-16 18:06:19', '2024-03-26 04:17:36'),
(39, 'Joey Fahey', 1, '1973-06-04 23:25:57', '0935603992', '258 15th Street', 39, '2024-02-21 21:16:21', '2024-08-10 08:31:54'),
(40, 'Santiago Ratke', 0, '2009-06-19 04:22:16', '0924289517', '655 Dibbert Manors', 40, '2023-11-24 16:31:34', '2023-11-25 12:34:31'),
(41, 'Lester Pollich-Kautzer', 1, '2020-08-02 09:51:00', '0600776974', '573 Archibald Lights', 41, '2024-01-12 15:52:33', '2024-06-14 09:20:46'),
(42, 'Wesley Ankunding', 1, '1998-05-10 17:35:31', '0735188203', '90724 Howe Brook', 42, '2024-03-03 17:35:32', '2024-05-31 22:03:21'),
(43, 'Chad Rice', 1, '1959-01-06 15:03:19', '0018497814', '4379 Myra Orchard', 43, '2024-10-01 12:27:08', '2024-10-04 16:55:38'),
(44, 'Randal Bednar', 1, '1952-12-07 13:46:45', '0124570538', '83350 Melyssa Lights', 44, '2023-12-25 12:44:13', '2024-04-01 13:34:29'),
(45, 'Bert Heller', 0, '1939-08-16 06:55:50', '0268455118', '977 Willy Plains', 45, '2024-02-08 01:26:42', '2024-05-26 22:35:02'),
(46, 'Vera Kozey', 1, '1975-11-16 22:28:56', '0151474906', '806 E Maple Street', 46, '2024-02-17 05:22:51', '2024-10-18 22:40:20'),
(47, 'Dr. Shelia Sporer', 1, '2009-08-15 21:25:03', '0857307057', '215 E Center Street', 47, '2024-10-28 00:12:57', '2024-11-06 13:23:46'),
(48, 'Kyle Reynolds', 0, '1969-07-06 15:42:07', '0301246544', '23250 Zboncak Throughway', 48, '2024-04-06 18:44:41', '2024-04-18 00:17:30'),
(49, 'Cary Altenwerth Jr.', 1, '1951-10-11 02:55:03', '0514959972', '53879 Lionel Via', 49, '2024-05-24 04:14:58', '2024-09-05 14:40:03'),
(50, 'Terri Spinka', 1, '1985-09-06 16:08:36', '0522148207', '51065 Woodlands Avenue', 50, '2024-02-15 18:03:24', '2024-05-12 06:57:29'),
(51, 'Mamie Brakus', 0, '2015-05-15 21:34:19', '0597721324', '71512 Russell Street', 51, '2024-01-27 09:14:35', '2024-01-28 01:37:20'),
(52, 'John Hagenes', 1, '1977-03-20 06:31:30', '0146359585', '4044 Dickens Parkway', 52, '2024-03-13 18:52:26', '2024-08-03 03:56:54'),
(53, 'Gerald Hyatt-Bernhard V', 1, '1932-02-26 03:19:47', '0072200200', '253 Waelchi Port', 53, '2024-09-24 12:29:58', '2024-10-26 16:53:32'),
(54, 'Sheila Haley', 1, '1995-07-14 07:32:53', '0341064136', '3270 Pouros Harbor', 54, '2023-12-11 15:53:26', '2024-03-13 05:17:15'),
(55, 'Jamie Bauch', 1, '2016-07-03 23:39:50', '0619051266', '499 Cielo Lodge', 55, '2024-09-27 20:30:31', '2024-10-30 08:05:54'),
(56, 'Elsie Williamson IV', 1, '2013-12-01 10:00:19', '0319982323', '83185 W 12th Street', 56, '2023-12-11 18:48:50', '2024-05-13 08:20:43'),
(57, 'Dr. Megan Gottlieb', 0, '1989-12-14 10:17:36', '0733790521', '30640 Pleasant Street', 57, '2024-05-03 19:22:40', '2024-11-07 22:21:59'),
(58, 'Catherine Gislason', 0, '1981-02-24 00:09:18', '0039772177', '6619 W Washington Avenue', 58, '2024-05-10 20:09:24', '2024-06-04 02:55:22'),
(59, 'Dallas Von', 0, '1971-09-22 08:42:18', '0891989355', '37004 N Cedar Street', 59, '2024-04-09 11:18:33', '2024-06-22 13:14:47'),
(60, 'Pedro Spencer', 0, '2003-12-31 10:28:31', '0613927846', '2395 Gislason Knoll', 60, '2024-03-12 08:30:47', '2024-09-04 21:10:13'),
(61, 'Clarence Dickinson', 0, '1970-01-04 06:43:06', '0528514808', '479 O\'Conner Orchard', 61, '2024-03-12 21:27:53', '2024-10-25 15:34:12'),
(62, 'Dianne Denesik', 0, '1935-05-07 21:08:11', '0109644249', '28743 Raynor Villages', 62, '2023-12-28 03:44:00', '2024-06-30 10:55:54'),
(63, 'Anita Johnston', 0, '1951-01-27 19:39:31', '0801287587', '707 W Division Street', 63, '2024-08-22 23:37:15', '2024-11-18 22:31:26'),
(64, 'Dawn Waters', 0, '2011-12-15 13:50:47', '0632716500', '358 Post Road', 64, '2024-01-25 22:30:15', '2024-04-04 18:20:48'),
(65, 'Omar Sauer', 0, '1985-11-11 19:57:44', '0471845872', '719 Bedford Road', 65, '2024-06-17 07:11:49', '2024-09-30 20:00:49'),
(66, 'Rogelio Beatty', 1, '2008-06-16 22:51:26', '0425021849', '13555 Wiza River', 66, '2024-10-05 08:17:51', '2024-11-14 19:11:31'),
(67, 'Shawna Abbott', 0, '1941-02-11 00:14:16', '0694922052', '930 Vena Tunnel', 67, '2024-02-23 14:23:50', '2024-11-12 05:46:15'),
(68, 'Dana Moen', 1, '1968-08-15 08:04:09', '0880642029', '703 Oak Avenue', 68, '2024-07-31 19:52:34', '2024-08-27 14:32:50'),
(69, 'Nicholas Roob', 0, '1964-10-11 00:37:35', '0401272328', '2786 Roger Rest', 69, '2024-09-04 22:37:01', '2024-11-09 23:06:20'),
(70, 'Marlon Doyle', 1, '1951-08-05 16:49:23', '0533817939', '5848 Hillary Groves', 70, '2023-12-23 05:11:21', '2024-05-19 13:24:29'),
(71, 'Deanna Adams', 1, '1977-02-24 02:09:12', '0146843248', '56619 Kiera Glens', 71, '2024-05-19 15:33:11', '2024-06-13 02:27:41'),
(72, 'Vivian Weissnat', 0, '2005-04-10 04:37:05', '0035895727', '542 VonRueden Meadows', 72, '2024-08-27 12:10:44', '2024-11-09 17:04:33'),
(73, 'Ms. Jessie Beahan', 0, '2008-02-04 07:06:39', '0759011964', '444 Osbaldo Court', 73, '2024-11-02 07:21:14', '2024-11-14 23:15:42'),
(74, 'Frederick Franey III', 0, '1975-08-15 18:56:55', '0549493578', '4893 S Broadway', 74, '2024-09-12 01:01:30', '2024-10-25 00:37:28'),
(75, 'Kelly Stokes', 1, '1933-11-27 08:05:44', '0930911978', '7431 Franey Field', 75, '2024-01-27 05:14:02', '2024-09-08 11:30:20'),
(76, 'Kurt Satterfield', 1, '1958-11-25 03:54:14', '0865353881', '7717 Center Avenue', 76, '2024-06-15 01:38:45', '2024-10-14 03:13:32'),
(77, 'Gilbert Bogan DDS', 0, '1948-07-27 09:51:20', '0276838690', '61952 Windler Run', 77, '2024-09-21 08:30:37', '2024-10-15 03:32:54'),
(78, 'Cedric Goldner', 0, '1995-12-19 05:06:23', '0960446786', '9892 S Oak Street', 78, '2024-08-26 07:04:19', '2024-09-14 12:03:01'),
(79, 'Mr. Jody Nikolaus', 1, '1974-11-03 16:18:33', '0957666726', '8065 Heller Manor', 79, '2024-04-01 21:17:41', '2024-06-11 23:41:14'),
(80, 'Marlene Krajcik', 1, '2016-10-09 21:38:28', '0305257222', '41952 Gloria Parks', 80, '2024-02-19 05:52:59', '2024-05-26 23:07:24'),
(81, 'Edgar Zieme', 0, '1947-02-09 23:51:35', '0677059391', '68546 Marsh Lane', 81, '2024-01-28 04:35:22', '2024-03-14 04:45:21'),
(82, 'Miss Lora Treutel', 1, '2000-05-10 04:05:11', '0083192243', '400 Jacklyn Rest', 82, '2024-03-27 15:33:15', '2024-08-01 22:31:00'),
(83, 'Sophia Nolan', 1, '1996-01-17 02:57:55', '0751895887', '7391 Rowan Close', 83, '2024-01-25 01:35:38', '2024-02-06 17:48:33'),
(84, 'James Auer', 1, '1988-11-06 21:48:57', '0572121592', '6101 Bode Parks', 84, '2024-01-13 00:10:20', '2024-06-03 19:06:28'),
(85, 'Alfonso Runolfsdottir', 1, '1992-07-21 15:44:11', '0668230957', '7964 Hudson Bypass', 85, '2024-08-04 03:36:33', '2024-08-25 15:47:53'),
(86, 'Roberta Becker', 0, '1963-04-12 11:18:04', '0030841658', '2873 Carissa Place', 86, '2023-12-12 00:13:23', '2024-05-02 12:12:10'),
(87, 'Joyce Padberg', 0, '1973-10-16 09:10:56', '0641161855', '1234 Seamus Trace', 87, '2024-01-16 15:13:58', '2024-10-07 09:53:48'),
(88, 'Preston Zboncak', 0, '2019-11-26 10:03:45', '0072106562', '72172 Dickens Parks', 88, '2024-08-11 19:44:33', '2024-09-12 03:53:02'),
(89, 'Jeannette Fahey', 0, '2014-02-14 06:26:11', '0741058634', '83167 Aryanna Bypass', 89, '2024-10-07 16:43:57', '2024-10-20 02:54:52'),
(90, 'Pauline Larkin', 1, '1963-08-04 05:23:50', '0848884148', '15859 E Central Avenue', 90, '2024-04-02 06:21:15', '2024-06-13 12:43:36'),
(91, 'Alison Herzog', 0, '1958-03-13 18:45:33', '0903389314', '30385 Jackson Street', 91, '2024-03-09 21:44:59', '2024-10-20 09:36:20'),
(92, 'Aaron Kessler', 0, '2023-10-12 10:23:53', '0606661527', '148 Rosenbaum Keys', 92, '2024-09-28 17:21:56', '2024-11-11 21:02:04'),
(93, 'Erik Trantow', 0, '1994-04-05 01:39:29', '0980658762', '30902 W 6th Street', 93, '2023-11-23 13:28:21', '2024-10-05 07:40:42'),
(94, 'Glen Cronin', 1, '1957-11-16 08:35:40', '0438199329', '85657 Wyman Bridge', 94, '2024-08-29 15:57:36', '2024-10-21 05:38:42'),
(95, 'Loren Barton', 0, '1947-05-16 05:22:17', '0994947326', '73884 O\'Reilly Streets', 95, '2024-06-28 08:36:11', '2024-10-25 14:32:09'),
(96, 'Carl Schumm-Torphy', 0, '1951-01-13 07:22:52', '0473010174', '53023 Jeramie Extensions', 96, '2024-09-30 06:11:07', '2024-11-15 19:50:00'),
(97, 'Bruce Halvorson', 1, '1949-03-13 03:04:44', '0882765789', '20199 Gerard Glens', 97, '2024-11-14 22:04:12', '2024-11-16 06:54:45'),
(98, 'Carole Graham', 1, '1928-12-06 08:51:05', '0051997950', '33099 Hintz Extensions', 98, '2024-07-17 09:20:50', '2024-10-01 12:50:55'),
(99, 'Hope Keebler', 0, '1926-02-26 17:43:30', '0583141489', '782 Chapel Street', 99, '2024-04-21 08:53:39', '2024-09-07 16:22:15'),
(100, 'Greg Grant', 1, '1935-06-05 01:34:56', '0266492675', '5112 Meggie Shoals', 100, '2024-09-29 07:42:09', '2024-10-17 03:47:01'),
(101, 'Ms. Marian Lubowitz', 0, '1953-06-11 14:31:36', '0276597627', '56904 Eric Extensions', 101, '2024-03-03 13:17:28', '2024-06-15 10:35:10'),
(102, 'Dr. Tyler Greenholt DVM', 1, '1965-04-21 01:43:12', '0604134907', '85300 Elise Fall', 102, '2024-07-22 07:09:00', '2024-10-29 17:02:42'),
(103, 'Maurice Reichel', 0, '1939-06-02 10:57:55', '0771427123', '751 Aliya Tunnel', 103, '2024-02-21 01:17:05', '2024-02-28 08:07:25'),
(104, 'Leona Sawayn', 0, '1983-12-27 13:25:54', '0420845692', '4926 Flavio Viaduct', 104, '2024-02-22 13:59:32', '2024-06-20 15:48:38'),
(105, 'Bridget McKenzie', 0, '1932-05-19 12:56:57', '0734395603', '212 Ansel Club', 105, '2024-06-19 12:28:46', '2024-09-28 07:13:11'),
(106, 'Neil Fahey', 1, '1954-06-25 05:29:01', '0777237185', '836 The Fairway', 106, '2024-11-15 15:21:39', '2024-11-16 07:11:17'),
(107, 'Beatrice Farrell', 0, '2006-09-11 04:45:55', '0877820382', '236 Russel Estate', 107, '2024-10-26 11:04:40', '2024-11-08 05:05:15'),
(108, 'Bryan Runolfsdottir', 1, '1986-02-26 23:47:58', '0380889003', '2296 Greenholt Underpass', 108, '2024-10-10 14:46:38', '2024-11-06 14:19:15'),
(109, 'Natasha Hahn', 1, '1992-09-05 13:23:20', '0244881389', '93341 MacGyver Gardens', 109, '2024-04-10 16:34:03', '2024-08-06 08:28:42'),
(110, 'Kellie Kohler', 1, '1971-01-27 10:50:39', '0707444022', '601 Reba Ports', 110, '2024-09-19 14:48:41', '2024-09-24 04:57:27'),
(111, 'Tyrone Zieme-Christiansen MD', 1, '1979-07-05 11:31:16', '0050836626', '79268 Vesta Mission', 111, '2023-12-23 21:33:31', '2024-04-12 07:18:21'),
(112, 'Al Heathcote', 1, '1999-03-17 23:49:19', '0517479205', '3155 The Causeway', 112, '2024-01-25 11:56:43', '2024-09-10 14:14:12'),
(113, 'Robyn Howe', 0, '1950-12-08 23:49:55', '0258714920', '931 Second Avenue', 113, '2024-09-30 16:03:19', '2024-10-08 09:34:12'),
(114, 'Lula Ruecker', 0, '1964-06-21 00:09:11', '0087334836', '23540 Stephanie Mall', 114, '2023-12-29 10:18:00', '2024-02-02 05:42:02'),
(115, 'Linda Bruen IV', 1, '1958-06-25 14:31:37', '0794227723', '697 Ken Landing', 115, '2024-08-30 11:27:48', '2024-10-24 12:11:40'),
(116, 'Lester Ward', 1, '2020-01-26 22:38:33', '0580276771', '482 Jaylon Circle', 116, '2024-07-15 10:04:54', '2024-09-02 14:46:03'),
(117, 'Wesley Lind', 1, '1949-01-21 01:54:10', '0854725953', '53730 Kilback Place', 117, '2023-12-21 07:44:00', '2024-07-15 11:26:16'),
(118, 'Bernadette Raynor', 0, '1954-07-04 11:05:24', '0189815384', '5497 Hillside Avenue', 118, '2023-12-10 15:14:17', '2024-11-04 08:07:24'),
(119, 'Stella Rempel', 1, '2001-04-02 07:41:27', '0206985226', '645 Hyatt Coves', 119, '2024-02-16 18:41:31', '2024-06-23 14:18:07'),
(120, 'Peter Kihn', 0, '1956-10-24 07:28:54', '0335387600', '76310 Frontage Road', 120, '2024-02-15 13:15:33', '2024-04-26 00:36:24'),
(121, 'Tom Hackett', 0, '1928-08-17 20:39:08', '0071991843', '948 Shaina Knoll', 121, '2024-09-17 21:21:09', '2024-10-05 09:46:10'),
(122, 'Felicia Rau', 0, '1942-03-20 23:31:05', '0533553144', '5143 Madelynn Field', 122, '2023-11-22 07:34:06', '2024-04-01 19:00:48'),
(123, 'Geraldine Graham', 1, '1955-10-24 22:24:17', '0997827179', '7752 Kim Wells', 123, '2024-06-20 10:35:07', '2024-08-05 02:51:35'),
(124, 'Anita Hoeger', 0, '1977-07-10 09:03:40', '0273320736', '4769 N Elm Street', 124, '2023-12-27 02:58:06', '2024-01-11 04:31:44'),
(125, 'Glenn Zieme', 1, '1997-07-09 12:11:26', '0223938504', '9641 Oberbrunner Park', 125, '2024-06-06 10:36:53', '2024-08-03 22:49:48'),
(126, 'Janet Stokes', 0, '2023-11-30 01:25:16', '0517148616', '58572 E Washington Street', 126, '2024-04-28 10:27:49', '2024-05-26 22:25:10'),
(127, 'Clarence Smitham', 1, '1974-10-09 02:00:57', '0449249417', '8563 Randi Courts', 127, '2023-12-26 03:29:34', '2024-10-31 18:21:32'),
(128, 'Rachael Herzog', 0, '1995-01-31 08:12:05', '0097897979', '3908 Lorna Circles', 128, '2024-01-21 06:58:02', '2024-09-03 10:43:56'),
(129, 'Dr. Ginger Nader', 0, '1929-06-21 05:02:17', '0851608705', '1822 Schmitt Isle', 129, '2024-03-18 21:02:11', '2024-06-11 21:08:22'),
(130, 'Jacqueline Moen', 1, '1967-11-12 15:47:05', '0587708983', '9495 Doris Groves', 130, '2024-01-18 19:38:03', '2024-04-03 11:38:07'),
(131, 'Geraldine Schmitt', 1, '2020-04-12 19:53:44', '0734857625', '673 Johns Keys', 131, '2024-07-10 04:44:22', '2024-10-10 07:56:17'),
(132, 'Mrs. Beulah Beer', 1, '2003-09-10 01:29:28', '0537109579', '51965 Back Lane', 132, '2024-08-03 20:45:40', '2024-09-01 02:52:13'),
(133, 'Dr. Terri Sauer', 0, '1967-07-23 14:28:02', '0564160667', '518 Steuber Garden', 133, '2024-05-12 17:31:15', '2024-08-26 11:05:48'),
(134, 'Ellen O\'Reilly', 1, '1957-06-14 23:35:44', '0293689550', '25749 Issac Vista', 134, '2024-03-16 09:58:49', '2024-03-28 01:23:34'),
(135, 'Rodolfo Quitzon', 0, '2006-08-03 21:47:00', '0825229474', '5946 Malvina Rapids', 135, '2023-11-25 20:28:29', '2024-04-30 05:22:21'),
(136, 'Elaine Cremin', 1, '1937-11-21 19:48:55', '0360930221', '722 Duke Street', 136, '2024-09-30 13:27:02', '2024-10-15 08:52:56'),
(137, 'Angel Grimes', 0, '2002-12-24 00:47:12', '0798577391', '473 Waelchi Summit', 137, '2024-01-01 17:23:28', '2024-11-05 07:45:35'),
(138, 'Cynthia Luettgen', 0, '1954-07-27 08:56:24', '0095905556', '11555 Station Road', 138, '2024-01-03 09:49:47', '2024-11-14 10:46:24'),
(139, 'Ira Barton', 0, '1967-05-26 05:08:59', '0665188365', '3994 Victoria Estates', 139, '2024-02-02 08:33:06', '2024-11-17 22:24:57'),
(140, 'Carrie Jacobi-Lueilwitz PhD', 0, '2002-11-11 06:30:16', '0062361679', '363 Zemlak Turnpike', 140, '2024-08-31 12:15:18', '2024-09-25 19:24:58'),
(141, 'Sylvester Strosin', 1, '1979-05-03 00:30:33', '0224174773', '79153 Dameon Keys', 141, '2024-05-25 18:29:01', '2024-05-29 16:20:17'),
(142, 'Roderick McClure', 1, '1959-03-29 03:28:34', '0510563239', '2114 Lincoln Avenue', 142, '2024-05-12 00:03:51', '2024-06-21 17:36:53'),
(143, 'Dr. Courtney Hartmann', 1, '1967-08-30 03:21:26', '0869717900', '29362 Schuster Well', 143, '2023-11-20 01:04:25', '2024-01-26 09:12:30'),
(144, 'Hope Kreiger', 1, '2000-05-29 21:09:35', '0529889005', '253 Hillside', 144, '2024-03-16 00:52:04', '2024-04-25 10:42:00'),
(145, 'Lynne Emmerich', 0, '1985-08-08 08:55:19', '0136465405', '353 Willow Close', 145, '2024-01-06 06:22:50', '2024-05-17 09:05:54'),
(146, 'Donald Bruen', 1, '2017-02-16 17:17:08', '0105342664', '9588 Kunze Trafficway', 146, '2024-10-31 07:26:11', '2024-11-17 03:14:37'),
(147, 'Shari Brakus', 1, '2020-05-24 21:31:07', '0960309261', '47703 Martin Trafficway', 147, '2024-03-29 07:01:44', '2024-07-12 13:46:16'),
(148, 'Mr. Randy Raynor', 1, '2004-01-21 06:27:17', '0882042144', '357 The Coppice', 148, '2024-04-30 22:59:58', '2024-11-07 00:29:06'),
(149, 'Shelia Brown', 0, '1979-09-28 17:34:36', '0202025850', '17751 W 1st Street', 149, '2024-11-13 11:12:26', '2024-11-16 17:15:45'),
(150, 'Courtney Emard', 0, '1925-10-16 20:48:46', '0547263972', '10898 Eulah Landing', 150, '2024-05-17 20:50:41', '2024-06-17 03:22:17'),
(151, 'Ellis Donnelly', 1, '1986-08-06 22:57:51', '0648838761', '93973 Moor Lane', 151, '2024-10-13 04:10:38', '2024-10-21 01:43:53'),
(152, 'Nora Walsh', 0, '1997-11-23 16:33:02', '0192782861', '1083 Sigrid Burg', 152, '2024-11-19 01:10:51', '2024-11-19 03:40:28'),
(153, 'Freda McCullough', 1, '1950-09-27 15:10:27', '0171541767', '4846 Rempel Valleys', 153, '2024-10-12 03:25:45', '2024-10-24 21:29:52'),
(154, 'Ida Tromp', 0, '1924-09-19 20:34:07', '0076978932', '165 Devonshire Road', 154, '2024-01-26 10:54:56', '2024-03-17 12:17:35'),
(155, 'Kayla Jakubowski', 0, '1954-11-08 13:01:16', '0169725448', '513 Mann Shores', 155, '2024-08-22 04:02:28', '2024-09-28 11:16:32'),
(156, 'Colleen O\'Hara', 0, '1940-07-02 21:00:47', '0062752168', '94568 Prosacco Estate', 156, '2024-03-08 10:59:43', '2024-06-19 01:44:47'),
(157, 'Mr. Shane Braun', 1, '1926-10-28 07:46:46', '0994414348', '750 Margie Parks', 157, '2023-12-17 01:46:15', '2024-04-30 21:04:15'),
(158, 'Mr. Joel Smith', 0, '1986-10-24 22:01:20', '0015779359', '4850 Derby Road', 158, '2023-12-27 22:25:52', '2024-11-17 02:39:52'),
(159, 'Dr. Delores Kub', 0, '1950-09-26 00:57:31', '0939810000', '910 Etha Lights', 159, '2024-06-23 05:18:33', '2024-08-24 18:51:47'),
(160, 'Mattie Wisozk Sr.', 1, '1967-09-27 07:41:17', '0852461633', '19893 Berenice Throughway', 160, '2024-05-01 14:56:58', '2024-11-08 16:57:04'),
(161, 'Gustavo Ondricka', 0, '1978-07-01 02:41:07', '0659486732', '5619 Goodwin Rapid', 161, '2023-12-19 03:01:40', '2024-07-26 08:46:55'),
(162, 'Elena Terry', 0, '1940-07-17 14:49:01', '0923716262', '1545 Barrows Hills', 162, '2023-12-12 21:52:00', '2024-11-14 11:39:07'),
(163, 'Keith Jenkins', 1, '2014-08-19 23:19:32', '0761316330', '6486 Alysson Brook', 163, '2024-09-01 20:13:47', '2024-11-19 04:09:42'),
(164, 'Kathleen Feeney', 0, '1965-06-03 10:44:45', '0694957315', '3793 Jammie Mountains', 164, '2024-01-02 22:19:30', '2024-09-15 05:16:12'),
(165, 'Sheila Dibbert', 0, '1928-06-10 03:49:19', '0697428540', '7415 Darron Forks', 165, '2023-12-22 09:51:54', '2024-10-02 19:35:31'),
(166, 'Rick Hermann', 0, '2004-11-17 18:14:57', '0489167791', '128 Gislason Vista', 166, '2024-04-12 02:00:17', '2024-11-14 10:59:26'),
(167, 'Darrin Dare', 0, '1929-11-02 17:14:33', '0580117731', '61195 Jasen Drive', 167, '2024-02-21 20:07:49', '2024-05-11 08:56:33'),
(168, 'Peggy Parisian', 0, '1979-04-04 12:28:18', '0339382069', '429 Veterans Memorial Drive', 168, '2024-09-26 16:06:16', '2024-10-31 03:05:52'),
(169, 'Chris Kirlin', 0, '1961-02-02 12:06:36', '0682572933', '858 Wyman Mission', 169, '2024-01-01 14:36:05', '2024-09-02 07:50:18'),
(170, 'Ruth Blick-Macejkovic', 0, '1951-08-09 18:48:30', '0172991011', '970 Terrell Station', 170, '2024-06-16 04:16:37', '2024-09-20 08:20:02'),
(171, 'Gilbert Batz', 0, '1959-08-17 18:07:04', '0374334205', '19500 N 2nd Street', 171, '2024-06-05 12:03:04', '2024-11-10 05:00:58'),
(172, 'Ms. Sheila O\'Keefe', 0, '2023-06-18 17:15:39', '0994835608', '10442 Pound Lane', 172, '2023-12-03 00:11:01', '2024-08-28 00:35:22'),
(173, 'Bethany Dicki', 0, '1966-04-04 22:46:46', '0672515358', '811 Springfield Road', 173, '2024-09-15 09:05:28', '2024-10-24 21:38:33'),
(174, 'Gregg Schuster', 1, '1961-02-12 18:29:47', '0729519768', '3087 Wolff Ports', 174, '2024-07-10 05:36:09', '2024-07-25 03:01:38'),
(175, 'Edmund Douglas', 0, '1935-10-09 10:30:06', '0472588296', '32198 Green Lane', 175, '2024-01-04 06:30:28', '2024-11-16 12:06:02'),
(176, 'Leon Batz', 1, '2021-07-21 10:43:19', '0802973729', '23578 Larson Ramp', 176, '2024-06-24 18:33:54', '2024-11-10 12:08:44'),
(177, 'Jason Boyle', 0, '2008-02-14 07:44:58', '0584295490', '24583 Goyette Loaf', 177, '2024-03-21 10:12:09', '2024-06-24 00:41:29'),
(178, 'Shelia Medhurst', 0, '1958-02-25 19:03:49', '0640866047', '4846 Abernathy Spring', 178, '2024-06-24 09:42:44', '2024-09-04 07:46:19'),
(179, 'Perry Marks', 1, '2007-06-14 20:00:16', '0457949362', '80704 Jakubowski Vista', 179, '2024-09-12 04:29:45', '2024-11-12 13:43:18'),
(180, 'Sandra Jacobi', 1, '1948-07-25 08:13:23', '0556917374', '2421 Brook Road', 180, '2024-05-08 03:37:17', '2024-08-24 06:36:30'),
(181, 'Stacey O\'Reilly', 0, '1953-03-15 17:47:12', '0788183470', '75077 Barrows Meadows', 181, '2024-07-15 09:32:42', '2024-11-16 20:35:39'),
(182, 'Sam Collins-Maggio', 0, '1999-07-17 20:19:35', '0546539547', '4753 Stamm Fall', 182, '2024-10-15 16:04:12', '2024-11-02 17:39:05'),
(183, 'Barry Wintheiser Jr.', 0, '2017-06-30 11:01:04', '0060418141', '44180 Yoshiko Landing', 183, '2024-05-26 16:45:22', '2024-07-16 01:36:39'),
(184, 'Floyd Walker', 1, '2015-12-15 02:43:12', '0206019824', '919 MacGyver Vista', 184, '2024-11-10 11:19:23', '2024-11-14 18:28:09'),
(185, 'Marsha Schumm', 0, '2004-01-28 17:58:37', '0009735508', '90329 Derby Road', 185, '2024-04-17 09:00:08', '2024-07-01 14:33:39'),
(186, 'Damon O\'Reilly', 0, '1925-06-27 20:46:32', '0283332934', '230 Balistreri Streets', 186, '2024-05-11 05:39:03', '2024-07-10 06:57:01'),
(187, 'Clarence Pagac', 0, '1928-05-31 06:02:43', '0488025271', '132 Kuhic Lane', 187, '2024-05-17 12:16:11', '2024-08-21 06:11:47'),
(188, 'Jackie Lebsack', 1, '1960-08-17 09:38:35', '0234793039', '380 S West Street', 188, '2024-01-18 13:07:07', '2024-02-19 07:29:04'),
(189, 'Belinda Parker', 0, '1968-03-09 15:35:58', '0774727908', '749 The Green', 189, '2024-02-27 11:34:18', '2024-04-28 23:24:53'),
(190, 'Ana Hegmann', 1, '1931-02-14 10:28:47', '0510597138', '7770 7th Avenue', 190, '2023-12-20 08:53:45', '2024-03-18 15:43:49'),
(191, 'Carla Daugherty', 0, '2018-05-12 08:24:01', '0074828695', '6391 Yasmeen Brooks', 191, '2024-01-31 12:20:07', '2024-09-04 11:00:58'),
(192, 'Van Jast', 0, '1946-11-27 11:15:30', '0655094433', '7020 Strosin Center', 192, '2024-04-21 09:38:58', '2024-06-12 20:59:00'),
(193, 'Doris Schaefer-Bergnaum', 0, '1959-12-11 02:37:27', '0708978473', '290 Heaney Parkway', 193, '2024-04-14 22:51:46', '2024-10-29 23:14:04'),
(194, 'Joey Schaefer', 1, '1979-11-25 14:57:55', '0386519214', '82252 N Division Street', 194, '2024-09-14 13:39:33', '2024-10-14 02:15:38'),
(195, 'Marianne Weimann', 0, '1968-08-09 15:49:52', '0733708925', '510 S 4th Street', 195, '2024-10-02 04:39:43', '2024-10-27 09:26:30'),
(196, 'Jeannette Stanton-Shields', 0, '1963-06-08 09:19:28', '0034204498', '7420 E Bridge Street', 196, '2024-03-02 05:11:17', '2024-05-26 03:47:34'),
(197, 'Gerald Reichert', 0, '1993-03-19 07:34:27', '0792795240', '969 Coy Plains', 197, '2024-06-22 21:09:10', '2024-06-26 00:01:27'),
(198, 'Kristopher Collins', 0, '1935-05-25 12:44:12', '0417222085', '777 Grand Avenue', 198, '2024-08-06 13:24:41', '2024-09-15 19:53:52'),
(199, 'Lena Barrows', 1, '1966-05-06 20:20:24', '0929244520', '378 Lawrence Street', 199, '2024-04-11 21:33:01', '2024-11-02 16:20:58'),
(200, 'Edna Bins', 1, '2014-03-31 00:57:30', '0164832060', '434 Swaniawski Glen', 200, '2024-07-22 05:24:10', '2024-07-29 03:25:12'),
(201, 'Gerald Schowalter', 0, '1925-04-13 06:02:50', '0143700611', '80517 Savanah Cove', 201, '2024-09-18 19:38:36', '2024-10-12 23:20:27'),
(202, 'Alyssa Mueller', 0, '1934-11-25 08:12:55', '0573090951', '931 W Washington Street', 202, '2024-10-03 10:47:36', '2024-11-19 12:53:09'),
(203, 'Andre Wisoky', 1, '1995-02-08 18:09:03', '0602204271', '3476 5th Street', 203, '2024-02-12 02:59:17', '2024-07-19 02:10:59'),
(204, 'Kari Schultz IV', 1, '1998-06-18 18:20:39', '0134026231', '9643 E 4th Street', 204, '2024-07-09 12:10:28', '2024-09-02 18:28:48'),
(205, 'Rickey Macejkovic IV', 1, '1976-12-16 21:42:38', '0378593113', '70565 Ankunding Ways', 205, '2024-06-27 09:20:20', '2024-11-03 16:57:13'),
(206, 'Donna Dickens III', 1, '1993-08-03 10:16:07', '0373494140', '31137 St Mary\'s Road', 206, '2024-03-03 17:15:54', '2024-03-23 08:40:38'),
(207, 'Sergio Feeney', 1, '2002-01-23 22:08:31', '0031773784', '30160 Wellington Road', 207, '2024-04-24 07:03:33', '2024-09-29 22:42:56'),
(208, 'Miss Sylvia Quitzon', 1, '1952-02-05 21:36:35', '0135692355', '7869 Clarence Road', 208, '2024-03-24 02:45:46', '2024-05-19 22:03:38'),
(209, 'Priscilla Schumm', 1, '1954-12-19 03:57:51', '0725783956', '68366 E 14th Street', 209, '2024-06-25 17:08:57', '2024-07-13 04:30:51'),
(210, 'Garrett Will MD', 0, '1977-01-09 11:34:12', '0567714065', '4225 Meadow Way', 210, '2023-12-26 19:12:20', '2024-10-24 05:15:47'),
(211, 'Lynne Douglas', 0, '2014-08-10 18:45:31', '0122747682', '80340 Windsor Drive', 211, '2024-01-09 04:04:30', '2024-09-02 09:31:51'),
(212, 'Michelle Ondricka MD', 1, '2007-04-10 23:01:19', '0208088095', '60699 E North Street', 212, '2024-05-01 16:55:58', '2024-06-22 05:20:23'),
(213, 'Claude Spencer', 1, '2023-11-06 05:25:31', '0075633694', '575 Water Street', 213, '2024-08-16 00:08:39', '2024-10-15 15:47:02'),
(214, 'Andres Mayer', 0, '2001-12-16 00:58:55', '0969340044', '88409 Cydney Meadow', 214, '2024-10-16 16:56:10', '2024-10-27 04:47:59'),
(215, 'Franklin Lehner-Hansen', 1, '1974-12-21 07:19:26', '0185179611', '347 Marquardt Crest', 215, '2024-02-01 05:50:11', '2024-04-29 08:48:54'),
(216, 'Joyce Blick', 1, '2023-08-16 21:39:27', '0301415832', '888 Daniel Mill', 216, '2024-09-29 05:34:09', '2024-11-16 15:09:02'),
(217, 'Ernesto Rogahn', 0, '1967-07-28 02:15:16', '0352688878', '37997 Mia Port', 217, '2024-03-23 00:09:36', '2024-03-26 14:16:16'),
(218, 'Mr. Josh Legros', 0, '1993-04-19 03:27:08', '0286753940', '22294 Chet Path', 218, '2024-05-19 11:18:32', '2024-10-27 02:55:05'),
(219, 'Tommy Weissnat', 0, '1975-08-30 02:50:42', '0228892722', '355 Kylee Points', 219, '2024-06-04 23:04:28', '2024-07-28 23:37:23'),
(220, 'Phil Moore-Nicolas', 1, '1932-04-17 09:59:58', '0751872752', '492 W Division Street', 220, '2024-08-18 10:34:38', '2024-08-19 18:49:37'),
(221, 'Micheal Jerde', 1, '1969-11-21 06:45:37', '0030587095', '90799 Conroy Rest', 221, '2024-10-24 13:28:40', '2024-11-08 19:01:31'),
(222, 'Joy Fisher', 1, '1992-05-16 15:32:24', '0700236542', '769 S Central Avenue', 222, '2023-12-29 16:37:58', '2024-03-29 22:28:31'),
(223, 'Simon Watsica', 1, '2010-12-31 20:41:04', '0709992878', '8082 Priory Close', 223, '2024-07-06 14:50:51', '2024-11-18 20:20:38'),
(224, 'Deborah Moen DVM', 0, '2009-11-16 18:01:37', '0068918161', '198 Manor Road', 224, '2024-05-20 12:37:37', '2024-08-03 18:57:26'),
(225, 'Sheldon Schneider', 1, '1963-01-14 13:45:03', '0374074142', '4048 Heathcote Radial', 225, '2024-04-10 08:03:20', '2024-08-31 16:46:07'),
(226, 'Corey Quigley', 0, '1984-12-25 22:23:40', '0543766020', '634 Old Military Road', 226, '2024-08-24 09:24:04', '2024-11-17 21:50:18'),
(227, 'Roderick Batz-Gibson', 1, '1981-12-17 13:43:19', '0725760864', '9262 Sterling Skyway', 227, '2024-04-26 07:36:03', '2024-07-07 19:34:18'),
(228, 'Ira Reynolds', 1, '1984-09-20 06:26:57', '0357023164', '363 Leuschke Coves', 228, '2024-07-10 05:06:03', '2024-09-20 06:52:41'),
(229, 'Jenny Murray', 1, '1935-06-27 06:26:07', '0540140326', '8334 Presley Mission', 229, '2024-11-01 22:25:45', '2024-11-16 20:20:52'),
(230, 'Lee Ratke MD', 1, '1964-07-11 02:31:54', '0543755940', '618 Murray Oval', 230, '2024-07-15 13:15:43', '2024-07-22 22:37:54'),
(231, 'Mandy Von', 0, '1993-01-27 11:33:01', '0100749189', '5520 Morissette Spur', 231, '2023-12-02 00:05:51', '2024-10-29 22:52:26'),
(232, 'Isaac Metz-Kunze DDS', 1, '2023-04-20 13:09:04', '0119654118', '9735 Janice Knoll', 232, '2024-07-28 06:43:23', '2024-09-20 11:12:14'),
(233, 'Francisco Green', 1, '1970-03-24 06:30:03', '0904932837', '3829 Wood Street', 233, '2023-12-09 10:36:26', '2024-09-13 23:06:15'),
(234, 'Kara Stoltenberg', 1, '2013-11-23 15:43:33', '0391059294', '763 2nd Street', 234, '2024-09-18 23:57:02', '2024-09-26 12:05:38'),
(235, 'Hector Schneider', 1, '1978-08-08 04:36:05', '0861986007', '340 E Cedar Street', 235, '2024-10-21 06:17:23', '2024-10-24 04:25:46'),
(236, 'Angel Runte', 1, '1998-09-28 20:04:51', '0720864690', '53469 S College Street', 236, '2024-07-02 08:24:30', '2024-08-04 09:05:51'),
(237, 'Jacob McLaughlin', 1, '1936-06-02 09:16:13', '0106654459', '5442 Westfield Road', 237, '2024-01-18 16:51:52', '2024-05-06 18:11:31'),
(238, 'Whitney Heaney', 0, '1933-06-15 06:35:12', '0085641157', '7617 S Walnut Street', 238, '2024-08-18 10:00:38', '2024-10-04 20:13:32'),
(239, 'Bobbie Hickle', 1, '1925-06-12 17:45:33', '0995327970', '757 Fay Haven', 239, '2024-10-15 12:09:56', '2024-10-27 17:02:51'),
(240, 'Grace Goldner', 0, '1936-04-01 06:45:42', '0610982950', '8527 Jerde Forks', 240, '2024-06-08 18:59:52', '2024-10-30 03:23:15'),
(241, 'Marvin Gerlach', 0, '1931-05-27 09:09:13', '0564734022', '1212 Thiel Motorway', 241, '2024-07-29 23:51:49', '2024-08-29 09:09:06'),
(242, 'Kathy Spencer', 1, '1993-10-30 16:45:48', '0590697376', '3138 Valentina Forks', 242, '2024-03-25 16:04:39', '2024-09-04 19:49:46'),
(243, 'Theodore Wilderman', 1, '1990-04-07 23:49:41', '0849320327', '8989 Leonardo Canyon', 243, '2024-08-09 06:37:40', '2024-10-24 21:29:30'),
(244, 'Francis Turner', 0, '1926-09-03 02:46:06', '0410784328', '412 Green Lane', 244, '2024-01-24 19:36:40', '2024-05-04 00:51:25'),
(245, 'Meredith Boyer', 0, '2021-02-04 01:14:37', '0903192177', '3066 Isabella Road', 245, '2024-04-18 12:57:39', '2024-09-22 11:02:33'),
(246, 'Mrs. Lindsay Kozey', 0, '1940-12-24 00:40:42', '0609261117', '13507 Ismael Burg', 246, '2024-09-01 17:37:11', '2024-11-04 18:51:04'),
(247, 'Kari Kozey', 1, '1942-10-24 23:28:10', '0764982050', '12161 O\'Kon Branch', 247, '2024-07-11 12:48:53', '2024-09-12 09:41:14'),
(248, 'Miss Wanda Spinka', 0, '1983-11-19 07:32:07', '0682629620', '2736 East Avenue', 248, '2024-02-10 04:43:20', '2024-07-30 19:16:51'),
(249, 'Raul Robel', 1, '2018-12-21 15:22:38', '0685373013', '5088 Ward Station', 249, '2024-08-21 04:12:45', '2024-11-11 08:36:14'),
(250, 'Dallas Romaguera', 0, '1939-07-28 18:25:45', '0477885927', '469 9th Street', 250, '2024-10-02 01:42:09', '2024-10-21 09:18:15'),
(251, 'Kevin Koelpin II', 0, '1946-12-13 02:40:22', '0488073002', '61730 E Bridge Street', 251, '2024-01-20 19:25:49', '2024-10-09 19:24:27'),
(252, 'Cassandra Hoeger', 1, '1926-12-23 22:59:43', '0592137254', '9101 Watery Lane', 252, '2024-06-21 21:29:50', '2024-11-14 15:24:46'),
(253, 'Josephine Smitham', 1, '1929-11-16 16:12:43', '0853807317', '63894 Bell Lane', 253, '2024-01-06 11:01:56', '2024-02-01 11:08:17'),
(254, 'Randal West', 0, '1948-01-04 23:31:41', '0152311115', '938 Diamond Expressway', 254, '2024-04-23 01:44:40', '2024-11-07 13:37:46'),
(255, 'Wendy Pfannerstill', 0, '2003-12-17 13:35:28', '0343003758', '824 Schmeler Loaf', 255, '2024-02-28 11:15:01', '2024-10-02 07:37:40'),
(256, 'Eleanor Haag', 1, '1958-10-09 18:50:37', '0641618060', '4029 Luettgen Camp', 256, '2023-12-01 08:30:42', '2024-02-02 01:44:59'),
(257, 'Monica Brakus', 1, '1944-10-01 08:02:59', '0837518614', '88897 Sofia Falls', 257, '2024-09-06 04:14:14', '2024-11-08 02:44:16'),
(258, 'Yvette Kirlin', 0, '2015-07-22 11:50:01', '0523381882', '4034 Grange Avenue', 258, '2024-09-11 23:54:40', '2024-10-25 06:17:10'),
(259, 'Traci Reynolds', 1, '1996-07-31 17:16:31', '0788805870', '897 Pinfold Lane', 259, '2024-01-05 17:58:58', '2024-04-12 05:02:25'),
(260, 'Kelly Mayert', 0, '1940-07-04 14:27:55', '0237736349', '3544 Stokes Pines', 260, '2024-05-11 16:03:17', '2024-05-30 09:07:23'),
(261, 'Brooke Tromp-Emmerich PhD', 1, '1928-08-15 04:58:12', '0706956320', '4355 Hirthe Rue', 261, '2024-05-02 12:51:52', '2024-08-27 00:00:31'),
(262, 'Debra Zieme', 1, '1979-07-12 10:57:28', '0604473026', '17044 Gusikowski Expressway', 262, '2024-10-05 17:01:04', '2024-11-17 11:05:34'),
(263, 'Salvatore Kilback-Rice', 0, '1942-01-09 07:48:50', '0272259309', '93932 Jillian Bypass', 263, '2024-06-27 06:28:42', '2024-10-26 03:27:36'),
(264, 'Brandon Sipes', 0, '1994-02-21 13:02:34', '0082744922', '5185 Moss Lane', 264, '2024-03-02 21:39:50', '2024-04-14 05:48:09'),
(265, 'Bradford Mosciski', 0, '1965-12-02 05:41:52', '0348962591', '5114 N Lincoln Street', 265, '2024-09-02 21:05:53', '2024-11-10 23:05:14'),
(266, 'Kayla Feil', 0, '1993-04-03 23:14:08', '0052238857', '48257 Waelchi Brooks', 266, '2024-11-02 21:11:24', '2024-11-03 20:02:37'),
(267, 'Morris Rosenbaum Sr.', 1, '1931-09-19 08:52:38', '0203725142', '16758 Mraz Estates', 267, '2024-01-24 22:07:07', '2024-10-27 17:23:32'),
(268, 'Dr. Noah Jenkins', 0, '1998-01-03 11:32:00', '0394654235', '623 W Broad Street', 268, '2024-01-04 18:43:41', '2024-02-11 06:46:42'),
(269, 'Marilyn Doyle', 0, '2008-02-24 02:49:52', '0976995042', '281 S Main Street', 269, '2023-11-24 01:58:18', '2023-12-28 06:51:55'),
(270, 'Stuart Paucek', 0, '1942-07-20 00:56:35', '0324869481', '33241 Welch Landing', 270, '2024-01-29 04:39:47', '2024-03-03 06:06:09'),
(271, 'Dr. Austin Ortiz', 0, '1982-05-22 04:05:53', '0861909821', '31494 Rosalinda Centers', 271, '2024-03-21 00:26:34', '2024-07-11 21:05:58'),
(272, 'Naomi Hand', 0, '1927-11-20 20:27:29', '0943307423', '25102 Price Viaduct', 272, '2024-08-26 16:36:54', '2024-10-08 22:53:07'),
(273, 'Minnie Hoeger', 1, '1925-08-21 05:56:20', '0802752244', '147 Poplar Close', 273, '2024-03-01 03:50:05', '2024-03-19 20:05:38'),
(274, 'Stanley O\'Kon', 1, '2019-12-07 20:31:03', '0275381590', '169 Grove Lane', 274, '2024-06-23 06:24:24', '2024-09-16 20:30:24'),
(275, 'Frances Dickens', 1, '1970-09-14 23:33:55', '0494420322', '2962 Alberta Plain', 275, '2024-09-13 21:01:22', '2024-10-17 09:43:11'),
(276, 'Marlene Sporer', 0, '2001-02-11 17:53:29', '0580798601', '2686 Sammie Wells', 276, '2024-04-19 02:49:06', '2024-08-14 12:48:53'),
(277, 'Rhonda Bergstrom', 0, '1999-04-19 02:55:30', '0223687899', '6577 Axel Cliffs', 277, '2024-01-10 02:20:30', '2024-06-11 09:12:46'),
(278, 'Alfonso Anderson III', 0, '1989-08-25 09:13:45', '0228160734', '3959 Cassidy Meadows', 278, '2024-07-09 09:45:23', '2024-08-08 15:01:21'),
(279, 'Randolph Franey', 1, '1947-11-06 07:17:55', '0624976009', '956 Stamm Track', 279, '2024-07-28 10:33:48', '2024-10-30 03:46:15'),
(280, 'Clayton Kozey', 0, '1934-12-11 14:46:53', '0207221378', '9505 Moor Lane', 280, '2024-10-06 07:59:08', '2024-10-08 01:50:46'),
(281, 'Ms. Terry Ruecker', 1, '2002-02-10 06:46:48', '0998154749', '442 8th Street', 281, '2024-09-11 16:17:38', '2024-10-28 10:42:56'),
(282, 'Pat Gerlach', 1, '1933-11-13 09:07:57', '0740496486', '67972 Jalyn Brook', 282, '2024-10-25 05:14:11', '2024-10-26 02:25:47'),
(283, 'Lindsay Hermiston', 1, '1983-02-06 14:59:28', '0614283525', '763 N 4th Street', 283, '2024-04-24 09:27:19', '2024-11-03 15:55:33'),
(284, 'Lori Schumm', 0, '1929-03-19 12:45:12', '0471813989', '2375 Roman Rue', 284, '2024-03-15 13:42:36', '2024-08-07 23:03:05'),
(285, 'Anita Schultz', 0, '1986-06-18 10:15:10', '0507885961', '1887 Bartoletti Key', 285, '2024-07-19 01:35:49', '2024-11-18 10:42:22'),
(286, 'Corey Langworth', 0, '1987-11-07 15:12:53', '0607888862', '4474 Simonis Lodge', 286, '2024-02-21 04:04:39', '2024-10-06 04:02:11'),
(287, 'Cedric Erdman', 1, '1945-12-16 18:59:36', '0554027479', '9103 E 4th Avenue', 287, '2024-01-24 05:03:05', '2024-06-04 22:44:40'),
(288, 'Bernard Emmerich', 0, '1985-01-25 15:13:26', '0689470445', '845 S Monroe Street', 288, '2024-06-19 22:04:48', '2024-08-11 10:06:16'),
(289, 'Rosalie Beer', 1, '1963-07-12 13:45:36', '0834420758', '647 Mitchell Port', 289, '2024-05-09 19:54:34', '2024-06-13 10:14:33'),
(290, 'Toni Pollich', 1, '1953-11-29 07:38:26', '0660631597', '274 Maximillia Burg', 290, '2024-02-10 17:38:08', '2024-04-08 16:52:35'),
(291, 'Darlene Feil', 1, '1990-07-20 22:38:32', '0555766083', '17410 Maye Spurs', 291, '2024-01-21 17:00:56', '2024-05-31 21:32:52'),
(292, 'Woodrow Stanton MD', 1, '1998-07-27 00:57:35', '0737130803', '855 The Lane', 292, '2024-08-30 12:32:02', '2024-10-18 10:22:56'),
(293, 'Lela Williamson', 0, '1960-01-03 04:19:50', '0970854502', '653 Meadow Close', 293, '2024-02-22 23:16:10', '2024-10-25 08:41:13'),
(294, 'Rita Deckow', 1, '2015-03-15 12:42:56', '0960474638', '18185 Marsh Lane', 294, '2024-04-20 19:43:06', '2024-05-25 06:26:39'),
(295, 'Tricia Dare', 1, '2023-06-24 18:15:35', '0211639413', '24298 Wade Branch', 295, '2024-03-06 00:46:23', '2024-05-23 05:17:24'),
(296, 'Miss Kristin Hermiston', 1, '1925-12-07 07:51:24', '0835781014', '2456 Schroeder Ways', 296, '2024-03-17 04:21:11', '2024-04-17 12:23:29'),
(297, 'Edwin Mante', 0, '1927-11-15 12:51:52', '0219414067', '92212 West View', 297, '2024-02-28 15:28:57', '2024-07-14 13:52:46'),
(298, 'Johnny O\'Keefe MD', 0, '1926-08-29 08:06:06', '0879473884', '478 Dooley Ports', 298, '2024-01-02 17:54:04', '2024-09-30 01:21:37'),
(299, 'Miss Antoinette Roberts', 1, '2019-03-19 22:37:23', '0400502828', '6152 Amelie Junctions', 299, '2024-08-18 14:36:51', '2024-10-11 19:16:54'),
(300, 'Meredith Larson', 0, '2020-08-19 14:30:23', '0936389386', '526 Highfield Avenue', 300, '2024-09-06 20:44:45', '2024-09-27 12:50:05'),
(302, 'NguyễnBằng An', NULL, NULL, NULL, NULL, 302, '2024-12-19 03:17:21', '2024-12-19 03:17:21'),
(303, 'Hùng Trần', 0, '1970-01-01 00:00:00', '0372547322', 'Nhà số 4 - Đường số 4 - Thôn Bồ Mưng 2', 303, '2024-12-27 08:51:58', '2024-12-27 10:19:58'),
(304, 'Trần Thanh Hằng', NULL, NULL, NULL, NULL, 304, '2024-12-27 14:37:19', '2024-12-27 14:37:19'),
(305, 'Bùi Chí Cường', NULL, NULL, NULL, NULL, 305, '2024-12-27 14:40:47', '2024-12-27 14:40:47'),
(306, 'Trần Phi Hùng', NULL, NULL, NULL, NULL, 306, '2024-12-27 14:41:29', '2024-12-27 14:41:29'),
(307, 'Trần Thanh Hằng', NULL, NULL, NULL, NULL, 307, '2024-12-27 14:44:11', '2024-12-27 14:44:11'),
(308, 'Trần Thanh Hằng', NULL, NULL, NULL, NULL, 308, '2024-12-27 14:45:01', '2024-12-27 14:45:01'),
(309, 'Trần Thanh Hằng', NULL, NULL, NULL, NULL, 309, '2024-12-27 14:45:20', '2024-12-27 14:45:20'),
(310, 'Trần Thanh Hằng', NULL, NULL, NULL, NULL, 310, '2024-12-27 14:45:41', '2024-12-27 14:45:41'),
(311, 'Trần Phi Hùng', NULL, NULL, NULL, NULL, 311, '2024-12-27 14:51:24', '2024-12-27 14:51:24'),
(312, 'Trần Phi Hùng', NULL, NULL, NULL, NULL, 312, '2024-12-27 14:53:09', '2024-12-27 14:53:09'),
(313, 'Trần Phi Hùng', NULL, NULL, NULL, NULL, 313, '2024-12-27 15:01:47', '2024-12-27 15:01:47'),
(314, 'Trần Phi Hùng', NULL, NULL, NULL, NULL, 314, '2024-12-27 15:04:26', '2024-12-27 15:04:26'),
(315, 'Trần Phi Hùng', NULL, NULL, NULL, NULL, 315, '2025-01-03 04:07:56', '2025-01-03 04:07:56'),
(316, 'Bùi Chí Cường', NULL, NULL, NULL, NULL, 316, '2025-01-03 04:46:45', '2025-01-03 04:46:45'),
(317, 'Trần Phi Hùng', NULL, NULL, NULL, NULL, 317, '2025-01-03 08:48:44', '2025-01-03 08:48:44'),
(318, 'Trần Thanh Hằng', NULL, NULL, NULL, NULL, 318, '2025-01-04 13:30:43', '2025-01-04 13:30:43');

-- --------------------------------------------------------

--
-- Cấu trúc bảng cho bảng `notification`
--

CREATE TABLE `notification` (
  `id` int(11) NOT NULL,
  `title` varchar(255) DEFAULT NULL,
  `content` varchar(255) DEFAULT NULL,
  `accountId` int(11) NOT NULL,
  `createdAt` datetime NOT NULL,
  `updatedAt` datetime NOT NULL
) ENGINE=InnoDB DEFAULT CHARSET=utf8 COLLATE=utf8_unicode_ci;

--
-- Đang đổ dữ liệu cho bảng `notification`
--

INSERT INTO `notification` (`id`, `title`, `content`, `accountId`, `createdAt`, `updatedAt`) VALUES
(39, 'abc', 'xyz', 1, '2025-01-03 04:21:13', '2025-01-04 13:32:05'),
(43, 'hi', 'hello user\n', 1, '2025-01-05 02:22:46', '2025-01-05 02:22:46');

--
-- Chỉ mục cho các bảng đã đổ
--

--
-- Chỉ mục cho bảng `account`
--
ALTER TABLE `account`
  ADD PRIMARY KEY (`id`);

--
-- Chỉ mục cho bảng `information`
--
ALTER TABLE `information`
  ADD PRIMARY KEY (`id`),
  ADD UNIQUE KEY `accountId` (`accountId`);

--
-- Chỉ mục cho bảng `notification`
--
ALTER TABLE `notification`
  ADD PRIMARY KEY (`id`),
  ADD KEY `accountId` (`accountId`);

--
-- AUTO_INCREMENT cho các bảng đã đổ
--

--
-- AUTO_INCREMENT cho bảng `account`
--
ALTER TABLE `account`
  MODIFY `id` int(11) NOT NULL AUTO_INCREMENT, AUTO_INCREMENT=319;

--
-- AUTO_INCREMENT cho bảng `information`
--
ALTER TABLE `information`
  MODIFY `id` int(11) NOT NULL AUTO_INCREMENT, AUTO_INCREMENT=319;

--
-- AUTO_INCREMENT cho bảng `notification`
--
ALTER TABLE `notification`
  MODIFY `id` int(11) NOT NULL AUTO_INCREMENT, AUTO_INCREMENT=44;

--
-- Các ràng buộc cho các bảng đã đổ
--

--
-- Các ràng buộc cho bảng `information`
--
ALTER TABLE `information`
  ADD CONSTRAINT `information_ibfk_1` FOREIGN KEY (`accountId`) REFERENCES `account` (`id`) ON DELETE CASCADE ON UPDATE CASCADE;

--
-- Các ràng buộc cho bảng `notification`
--
ALTER TABLE `notification`
  ADD CONSTRAINT `notification_ibfk_1` FOREIGN KEY (`accountId`) REFERENCES `account` (`id`);
COMMIT;

/*!40101 SET CHARACTER_SET_CLIENT=@OLD_CHARACTER_SET_CLIENT */;
/*!40101 SET CHARACTER_SET_RESULTS=@OLD_CHARACTER_SET_RESULTS */;
/*!40101 SET COLLATION_CONNECTION=@OLD_COLLATION_CONNECTION */;
